,timestamp,open,high,low,close,volume,market cap,daily return,positive,daily return_past,daily return_past_ma30
0,2022/12/10,61.5,61.9,61.3,61.7,11997.611,11997.611,,0,,
1,2022/12/9,62.9,63.4,61.0,61.5,92191.065,92191.065,-0.0032414910858995505,0,,
2,2022/12/8,61.4,63.5,60.4,62.8,78099.435,78099.435,0.021138211382113692,1,-0.0032414910858995505,-0.0032414910858995505
3,2022/12/7,64.0,64.1,60.1,61.4,138823.25,138823.25,-0.022292993630573243,0,0.021138211382113692,0.00894836014810707
4,2022/12/6,64.4,65.6,62.7,64.0,77089.109,77089.109,0.04234527687296419,1,-0.022292993630573243,-0.0014654244447863674
5,2022/12/5,64.4,67.3,63.8,64.4,114181.533,114181.533,0.006250000000000089,1,0.04234527687296419,0.009487250884651272
6,2022/12/4,62.7,64.6,62.7,64.4,61920.918,61920.918,0.0,1,0.006250000000000089,0.008839800707721035
7,2022/12/3,65.7,66.4,62.5,62.8,87857.443,87857.443,-0.024844720496894568,0,0.0,0.007366500589767529
8,2022/12/2,63.7,65.8,62.2,65.7,118425.765,118425.765,0.04617834394904463,1,-0.024844720496894568,0.0027648975773872297
9,2022/12/1,65.3,65.5,63.0,63.6,101872.218,101872.218,-0.03196347031963476,0,0.04617834394904463,0.008191578373844405
10,2022/11/30,61.6,66.0,61.6,65.3,183829.887,183829.887,0.02672955974842761,1,-0.03196347031963476,0.0037299062967911644
11,2022/11/29,60.1,62.5,59.5,61.6,116656.424,116656.424,-0.05666156202143946,0,0.02672955974842761,0.00602987164195481
12,2022/11/28,61.5,62.6,58.5,60.2,158701.234,158701.234,-0.022727272727272707,0,-0.05666156202143946,0.00033065039982805753
13,2022/11/27,61.7,63.4,59.9,61.5,301776.958,301776.958,0.021594684385382035,1,-0.022727272727272707,-0.0015908431940970063
14,2022/11/26,59.1,62.5,59.1,61.8,201160.874,201160.874,0.004878048780487809,1,0.021594684385382035,0.00019265892740138159
15,2022/11/25,58.1,60.5,56.7,59.2,172823.625,172823.625,-0.04207119741100318,0,0.004878048780487809,0.0005273296311932693
16,2022/11/24,58.5,60.1,57.3,58.2,131257.362,131257.362,-0.016891891891891886,0,-0.04207119741100318,-0.0023125721716198274
17,2022/11/23,57.4,59.4,56.5,58.5,235567.726,235567.726,0.005154639175257714,1,-0.016891891891891886,-0.003223779654136831
18,2022/11/22,55.9,57.9,50.2,57.5,725741.201,725741.201,-0.017094017094017144,0,0.005154639175257714,-0.002730931487701858
19,2022/11/21,56.0,57.9,53.9,55.9,185280.612,185280.612,-0.02782608695652178,0,-0.017094017094017144,-0.003528880688052707
20,2022/11/20,58.8,62.1,55.5,56.1,213779.705,213779.705,0.003577817531305927,1,-0.02782608695652178,-0.004807681017972132
21,2022/11/19,58.4,59.2,56.9,58.7,70747.163,70747.163,0.04634581105169344,1,0.003577817531305927,-0.004388406090508229
22,2022/11/18,58.6,61.4,57.4,58.4,125846.513,125846.513,-0.005110732538330609,0,0.04634581105169344,-0.0019724909884986258
23,2022/11/17,58.3,59.6,56.8,58.5,111201.692,111201.692,0.001712328767123239,1,-0.005110732538330609,-0.0021151383316728068
24,2022/11/16,61.0,62.2,57.0,58.4,158757.769,158757.769,-0.0017094017094017033,0,0.001712328767123239,-0.0019487267186816743
25,2022/11/15,59.2,63.0,58.4,61.0,215254.241,215254.241,0.044520547945205546,1,-0.0017094017094017033,-0.0019387548432950087
26,2022/11/14,56.7,59.8,53.4,59.2,285264.128,285264.128,-0.02950819672131144,0,0.044520547945205546,-8.038273175498656e-05
27,2022/11/13,58.0,61.0,55.7,56.6,307122.874,307122.874,-0.04391891891891897,0,-0.02950819672131144,-0.0012122217313533118
28,2022/11/12,64.1,64.1,56.8,58.1,499358.201,499358.201,0.026501766784452263,1,-0.04391891891891897,-0.0027939512568187063
29,2022/11/11,68.0,68.9,60.5,64.0,281627.934,281627.934,0.10154905335628217,1,0.026501766784452263,-0.0017476756124876005
30,2022/11/10,58.2,70.9,57.0,68.0,474350.321,474350.321,0.0625,1,0.10154905335628217,0.0018142805588492882
31,2022/11/9,72.2,73.1,56.9,58.1,457924.579,457924.579,-0.14558823529411757,0,0.0625,0.003837137873554312
32,2022/11/8,87.2,88.4,65.6,72.2,602566.691,602566.691,0.2426850258175559,1,-0.14558823529411757,-0.0009077536000529555
33,2022/11/7,86.3,90.5,83.8,87.3,193318.74,193318.74,0.20914127423822704,1,0.2426850258175559,0.006477140214461785
34,2022/11/6,96.3,96.4,86.3,86.4,201022.883,201022.883,-0.010309278350515316,0,0.20914127423822704,0.014191615810088461
35,2022/11/5,94.7,98.4,93.5,96.3,184998.275,184998.275,0.11458333333333326,1,-0.010309278350515316,0.012436463969305811
36,2022/11/4,83.7,97.7,83.3,94.6,335363.331,335363.331,-0.017653167185877505,0,0.11458333333333326,0.016047575080416918
37,2022/11/3,80.4,86.6,79.8,83.7,133482.774,133482.774,-0.11522198731501043,0,-0.017653167185877505,0.015459136174221
38,2022/11/2,84.2,85.7,79.1,80.5,137280.902,137280.902,-0.03823178016726403,0,-0.11522198731501043,0.012446560613617137
39,2022/11/1,83.9,86.3,83.5,84.2,92036.054,92036.054,0.04596273291925468,1,-0.03823178016726403,0.009632889809740182
40,2022/10/31,83.9,87.2,82.4,83.9,108644.041,108644.041,-0.0035629453681710332,0,0.04596273291925468,0.012230429917703163
41,2022/10/30,85.4,86.9,82.8,83.9,64194.968,64194.968,0.0,1,-0.0035629453681710332,0.011220679747149876
42,2022/10/29,84.1,87.4,83.8,85.4,111401.65,111401.65,0.017878426698450633,1,0.0,0.013109398481197857
43,2022/10/28,81.4,85.0,80.5,84.1,94671.477,94671.477,-0.015222482435597318,0,0.017878426698450633,0.014462921795388635
44,2022/10/27,83.5,87.1,80.5,81.4,195605.982,195605.982,-0.03210463733650404,0,-0.015222482435597318,0.01323568290135599
45,2022/10/26,81.9,85.3,80.8,83.5,191678.394,191678.394,0.025798525798525818,1,-0.03210463733650404,0.012002926697456262
46,2022/10/25,85.1,86.4,81.5,81.9,233080.245,233080.245,-0.019161676646706538,0,0.025798525798525818,0.014265250804440561
47,2022/10/24,88.9,90.0,84.6,85.1,137506.905,137506.905,0.03907203907203893,1,-0.019161676646706538,0.014189591312613407
48,2022/10/23,82.1,90.1,81.5,88.8,95579.844,95579.844,0.04347826086956519,1,0.03907203907203893,0.015320171309172782
49,2022/10/22,82.1,84.4,81.3,82.2,47539.088,47539.088,-0.07432432432432423,0,0.04347826086956519,0.017339247241292193
50,2022/10/21,80.8,83.3,78.3,82.1,118974.477,118974.477,-0.0012165450121655041,0,-0.07432432432432423,0.015789305995698777
51,2022/10/20,82.8,83.9,80.0,80.7,97828.067,97828.067,-0.01705237515225322,0,-0.0012165450121655041,0.015629493910916396
52,2022/10/19,82.4,85.8,81.2,82.8,158135.677,158135.677,0.026022304832713727,1,-0.01705237515225322,0.013516221037451507
53,2022/10/18,78.9,83.7,77.9,82.5,138966.218,138966.218,-0.0036231884057971175,0,0.026022304832713727,0.014553988949819652
54,2022/10/17,75.9,79.7,74.7,78.9,84774.672,84774.672,-0.043636363636363584,0,-0.0036231884057971175,0.014376138377388973
55,2022/10/16,71.8,76.3,71.8,75.8,45262.259,45262.259,-0.03929024081115351,0,-0.043636363636363584,0.012978572979823577
56,2022/10/15,72.9,73.4,71.4,71.9,26605.732,26605.732,-0.05145118733509224,0,-0.03929024081115351,0.010184880021278275
57,2022/10/14,71.0,74.7,70.8,72.9,90460.559,90460.559,0.013908205841446364,1,-0.05145118733509224,0.009453447000818915
58,2022/10/13,71.5,72.0,64.7,71.0,168837.39,168837.39,-0.026063100137174278,0,0.013908205841446364,0.011381017826164427
59,2022/10/12,71.4,72.8,71.1,71.6,32958.909,32958.909,0.008450704225352101,1,-0.026063100137174278,0.009628855595443542
60,2022/10/11,73.5,73.6,71.2,71.4,50595.162,50595.162,-0.0027932960893852776,0,0.008450704225352101,0.006525577291079206
61,2022/10/10,75.5,76.5,73.3,73.6,31014.762,31014.762,0.03081232492997188,1,-0.0027932960893852776,0.004349134088099697
62,2022/10/9,74.6,76.1,74.2,75.5,23731.376,23731.376,0.025815217391304435,1,0.03081232492997188,0.010229152762236012
63,2022/10/8,75.7,76.2,73.9,74.6,22752.315,22752.315,-0.01192052980132463,0,0.025815217391304435,0.0030001591480276293
64,2022/10/7,77.4,78.3,75.0,75.8,53599.961,53599.961,0.01608579088471851,1,-0.01192052980132463,-0.0043685676532907594
65,2022/10/6,78.8,80.4,77.2,77.5,77223.946,77223.946,0.02242744063324542,1,0.01608579088471851,-0.0034887320121162984
66,2022/10/5,78.9,79.2,75.8,78.8,58332.845,58332.845,0.016774193548387162,1,0.02242744063324542,-0.006560595102119227
67,2022/10/4,75.6,79.8,75.5,78.9,67929.104,67929.104,0.0012690355329949554,1,0.016774193548387162,-0.005413016410977071
68,2022/10/3,72.6,76.2,71.8,75.5,69920.296,69920.296,-0.043092522179974724,0,0.0012690355329949554,-0.0015299823160435581
69,2022/10/2,74.5,75.9,72.1,72.6,90772.121,90772.121,-0.03841059602649011,0,-0.043092522179974724,-0.0016920070498005813
70,2022/10/1,74.6,76.1,73.9,74.5,60557.732,60557.732,0.026170798898071723,1,-0.03841059602649011,-0.004504451347992074
71,2022/9/30,77.0,78.0,73.7,74.6,87081.019,87081.019,0.0013422818791946067,1,0.026170798898071723,-0.0035133265391173157
72,2022/9/29,76.9,77.6,74.3,76.9,62809.833,62809.833,0.030831099195710587,1,0.0013422818791946067,-0.0034685838098108285
73,2022/9/28,76.7,78.1,73.0,76.8,126074.5,126074.5,-0.0013003901170351995,0,0.030831099195710587,-0.0030368280599021636
74,2022/9/27,76.2,80.9,74.6,76.6,112577.46,112577.46,-0.0026041666666667407,0,-0.0013003901170351995,-0.002572758315950093
75,2022/9/26,73.6,76.6,72.6,76.2,92569.996,92569.996,-0.005221932114882422,0,-0.0026041666666667407,-0.001589409293622183
76,2022/9/25,74.9,77.6,72.7,73.6,46457.151,46457.151,-0.03412073490813661,0,-0.005221932114882422,-0.0026234245574024576
77,2022/9/24,77.0,77.4,74.6,75.0,48703.744,48703.744,0.01902173913043481,1,-0.03412073490813661,-0.0031220598327834598
78,2022/9/23,76.7,78.8,72.8,77.1,89220.265,89220.265,0.028000000000000025,1,0.01902173913043481,-0.003790403164170264
79,2022/9/22,71.6,77.7,71.5,76.7,96991.203,96991.203,-0.005188067444876654,0,0.028000000000000025,-0.00430634519315577
80,2022/9/21,74.1,79.6,70.4,71.6,171833.493,171833.493,-0.06649282920469368,0,-0.005188067444876654,-0.0020018032971741836
81,2022/9/20,76.3,77.2,73.7,74.0,95897.764,95897.764,0.033519553072625774,1,-0.06649282920469368,-0.004177679436925123
82,2022/9/19,73.1,77.0,70.7,76.4,159042.066,159042.066,0.032432432432432545,1,0.033519553072625774,-0.002491948496095823
83,2022/9/18,81.4,82.0,70.7,73.0,133739.125,133739.125,-0.04450261780104714,0,0.032432432432432545,-0.0022782775761051957
84,2022/9/17,79.4,81.7,79.1,81.4,54439.15,54439.15,0.1150684931506849,1,-0.04450261780104714,-0.0036409252226135298
85,2022/9/16,78.6,80.5,77.2,79.3,129579.455,129579.455,-0.02579852579852593,0,0.1150684931506849,0.0016492366702880864
86,2022/9/15,83.7,84.2,77.7,78.5,214634.37,214634.37,-0.010088272383354302,0,-0.02579852579852593,0.002098960504042339
87,2022/9/14,82.9,86.0,81.1,83.7,192224.332,192224.332,0.0662420382165605,1,-0.010088272383354302,0.003477724335766937
88,2022/9/13,91.0,93.8,82.3,83.0,422344.918,422344.918,-0.008363201911589013,0,0.0662420382165605,0.005222185414937408
89,2022/9/12,91.5,97.0,89.3,90.9,213336.765,213336.765,0.09518072289156643,1,-0.008363201911589013,0.0058121820224569165
90,2022/9/11,92.7,94.5,89.2,91.6,148221.062,148221.062,0.007700770077007535,1,0.09518072289156643,0.00870318264466406
91,2022/9/10,91.2,94.0,89.7,92.7,115100.573,115100.573,0.012008733624454315,1,0.007700770077007535,0.009052984850210489
92,2022/9/9,88.3,94.1,88.2,91.2,116375.442,116375.442,-0.016181229773462813,0,0.012008733624454315,0.008426198473359903
93,2022/9/8,87.5,90.0,85.5,88.2,91022.421,91022.421,-0.03289473684210531,0,-0.016181229773462813,0.007026316901200994
94,2022/9/7,83.6,89.3,82.0,87.5,121689.189,121689.189,-0.00793650793650802,0,-0.03289473684210531,0.0063271766665083055
95,2022/9/6,91.2,93.8,83.0,83.6,176542.931,176542.931,-0.044571428571428595,0,-0.00793650793650802,0.0055264333724674205
96,2022/9/5,88.9,91.8,86.7,91.1,72817.196,72817.196,0.08971291866028719,1,-0.044571428571428595,0.0032931377323116204
97,2022/9/4,87.2,89.0,85.8,88.8,53304.276,53304.276,-0.02524698133918768,0,0.08971291866028719,0.0057244285693749545
98,2022/9/3,88.3,88.7,85.7,87.1,58850.791,58850.791,-0.019144144144144226,0,-0.02524698133918768,0.0048405613403022
99,2022/9/2,86.5,92.1,84.8,88.4,148802.317,148802.317,0.014925373134328401,1,-0.019144144144144226,0.005638840608163217
100,2022/9/1,84.8,87.0,82.0,86.4,100488.442,100488.442,-0.022624434389140302,0,0.014925373134328401,0.007416706246857167
101,2022/8/31,84.5,88.8,84.3,84.8,136119.452,136119.452,-0.0185185185185186,0,-0.022624434389140302,0.005790198470616766
102,2022/8/30,85.7,88.1,81.4,84.5,155436.215,155436.215,-0.003537735849056589,0,-0.0185185185185186,0.005128171790692993
103,2022/8/29,78.6,86.2,78.0,85.8,111809.624,111809.624,0.01538461538461533,1,-0.003537735849056589,0.00398254395586742
104,2022/8/28,82.1,83.6,78.2,78.6,103340.6,103340.6,-0.08391608391608396,0,0.01538461538461533,0.004538710805922438
105,2022/8/27,82.7,83.6,80.4,82.0,129020.116,129020.116,0.04325699745547085,1,-0.08391608391608396,0.001828313564275197
106,2022/8/26,93.2,94.2,81.8,82.8,221902.31,221902.31,0.009756097560975618,1,0.04325699745547085,0.0034442778832869726
107,2022/8/25,88.5,95.8,87.7,93.2,180095.58,180095.58,0.12560386473429963,1,0.009756097560975618,0.0049068389655907135
108,2022/8/24,89.5,91.9,86.8,88.5,114060.905,114060.905,-0.0504291845493563,0,0.12560386473429963,0.008459576485719541
109,2022/8/23,88.5,91.2,85.1,89.4,167019.009,167019.009,0.01016949152542379,1,-0.0504291845493563,0.0058452703340743295
110,2022/8/22,85.9,88.7,81.9,88.4,190616.581,190616.581,-0.01118568232662187,0,0.01016949152542379,0.006357188966417678
111,2022/8/21,82.9,87.1,81.7,86.0,114088.526,114088.526,-0.02714932126696834,0,-0.01118568232662187,0.008200760529020072
112,2022/8/20,83.4,86.9,79.9,82.8,152743.549,152743.549,-0.037209302325581395,0,-0.02714932126696834,0.006178464717700268
113,2022/8/19,94.9,95.4,82.8,83.4,368146.773,368146.773,0.007246376811594235,1,-0.037209302325581395,0.0038570735590998033
114,2022/8/18,100.3,101.7,94.2,94.9,140447.321,140447.321,0.1378896882494005,1,0.007246376811594235,0.0055820400461878495
115,2022/8/17,109.8,112.3,99.2,100.2,240659.372,240659.372,0.05584826132771337,1,0.1378896882494005,0.00634274654947837
116,2022/8/16,107.1,110.5,105.5,109.8,216416.167,216416.167,0.0958083832335328,1,0.05584826132771337,0.009064306120353012
117,2022/8/15,107.4,112.4,103.8,107.1,186767.306,186767.306,-0.024590163934426257,0,0.0958083832335328,0.012594194640915915
118,2022/8/14,110.6,113.2,105.8,107.5,115148.345,115148.345,0.0037348272642390157,1,-0.024590163934426257,0.009566454569216358
119,2022/8/13,114.7,115.8,109.5,110.5,161864.569,161864.569,0.027906976744185963,1,0.0037348272642390157,0.009969722208410626
120,2022/8/12,107.5,115.8,105.5,114.7,172207.451,172207.451,0.03800904977375574,1,0.027906976744185963,0.0077272640034979434
121,2022/8/11,111.1,113.9,106.2,107.5,250385.748,250385.748,-0.06277244986922403,0,0.03800904977375574,0.00873753999338955
122,2022/8/10,97.8,113.1,95.1,111.1,357430.82,357430.82,0.033488372093023244,1,-0.06277244986922403,0.006244833876933605
123,2022/8/9,102.4,103.4,95.3,97.9,145960.994,145960.994,-0.1188118811881187,0,0.033488372093023244,0.00790048727248314
124,2022/8/8,101.3,106.9,101.0,102.4,169915.888,169915.888,0.04596527068437184,1,-0.1188118811881187,0.005036582460949361
125,2022/8/7,99.0,104.6,97.0,101.3,124227.825,124227.825,-0.010742187500000111,0,0.04596527068437184,0.006833308414978689
126,2022/8/6,102.8,103.4,98.6,99.1,112602.561,112602.561,-0.021717670286278357,0,-0.010742187500000111,0.007960949784026306
127,2022/8/5,96.4,103.8,96.4,102.8,254908.97,254908.97,0.03733602421796167,1,-0.021717670286278357,0.004246596819140787
128,2022/8/4,94.9,99.6,93.4,96.4,183341.685,183341.685,-0.06225680933852129,0,0.03733602421796167,0.006332697004379099
129,2022/8/3,93.4,101.1,91.6,94.9,218641.129,218641.129,-0.01556016597510368,0,-0.06225680933852129,0.004895608164566531
130,2022/8/2,96.6,99.5,88.4,93.5,271427.265,271427.265,-0.01475237091675452,0,-0.01556016597510368,0.003879423527585461
131,2022/8/1,97.6,100.5,94.1,96.6,201425.733,201425.733,0.03315508021390379,1,-0.01475237091675452,0.004141825643331654
132,2022/7/31,95.3,109.6,93.7,97.6,454838.13,454838.13,0.010351966873705987,1,0.03315508021390379,0.0058642789344123996
133,2022/7/30,95.6,100.9,93.5,95.2,206510.949,206510.949,-0.024590163934426146,0,0.010351966873705987,0.0063272690251711524
134,2022/7/29,100.5,102.3,93.7,95.5,249010.618,249010.618,0.0031512605042016695,1,-0.024590163934426146,0.004994776381203103
135,2022/7/28,94.7,103.6,89.6,100.5,454306.032,454306.032,0.05235602094240832,1,0.0031512605042016695,0.007897021195212624
136,2022/7/27,81.2,95.7,79.0,94.7,275165.445,275165.445,-0.057711442786069655,0,0.05235602094240832,0.00820032197811054
137,2022/7/26,81.4,82.8,76.5,81.1,153279.373,153279.373,-0.14361140443505815,0,-0.057711442786069655,0.0059514039665423644
138,2022/7/25,90.5,91.3,81.2,81.3,213513.332,213513.332,0.002466091245376223,1,-0.14361140443505815,-0.003022438339102895
139,2022/7/24,89.3,93.5,88.1,90.6,127914.547,127914.547,0.11439114391143912,1,0.002466091245376223,-0.001259262479278478
140,2022/7/23,89.5,93.1,85.3,89.4,152124.697,152124.697,-0.013245033112582627,0,0.11439114391143912,0.0022147926002553664
141,2022/7/22,95.3,96.5,88.3,89.6,188952.178,188952.178,0.0022371364653241965,1,-0.013245033112582627,0.0021461475740566743
142,2022/7/21,90.8,97.7,87.9,95.4,242158.49,242158.49,0.06473214285714302,1,0.0022371364653241965,0.0031256961651330924
143,2022/7/20,95.7,101.0,89.4,90.8,326968.576,326968.576,-0.048218029350104885,0,0.06473214285714302,0.006523744337890573
144,2022/7/19,96.2,102.5,92.1,95.7,458791.144,458791.144,0.05396475770925124,1,-0.048218029350104885,0.004674930799167269
145,2022/7/18,88.3,99.5,87.7,96.2,426128.975,426128.975,0.0052246603970742544,1,0.05396475770925124,0.0018774331144956265
146,2022/7/17,92.9,93.7,86.3,88.2,257556.657,257556.657,-0.08316008316008316,0,0.0052246603970742544,0.00018997975014098945
147,2022/7/16,90.5,96.0,87.3,92.9,395399.281,395399.281,0.05328798185941053,1,-0.08316008316008316,-0.005775635796312876
148,2022/7/15,91.3,95.6,86.8,90.4,458615.597,458615.597,-0.026910656620021567,0,0.05328798185941053,-0.0031796976031849833
149,2022/7/14,79.8,92.8,77.4,91.3,553650.774,553650.774,0.009955752212389202,1,-0.026910656620021567,-0.004201213732660336
150,2022/7/13,68.4,81.0,67.3,79.7,553312.115,553312.115,-0.12705366922234385,0,0.009955752212389202,-0.004799587883720228
151,2022/7/12,69.9,71.9,65.7,68.4,299986.062,299986.062,-0.14178168130489333,0,-0.12705366922234385,-0.010301678516923547
152,2022/7/11,77.8,78.2,69.4,69.9,295944.784,295944.784,0.021929824561403466,1,-0.14178168130489333,-0.012935319564779191
153,2022/7/10,81.9,82.3,74.7,77.8,516647.027,516647.027,0.11301859799713854,1,0.021929824561403466,-0.01332060448249985
154,2022/7/9,71.6,83.2,71.1,81.9,388706.555,388706.555,0.0526992287917738,1,0.11301859799713854,-0.005592921842991276
155,2022/7/8,71.2,75.8,67.8,71.6,435815.999,435815.999,-0.12576312576312587,0,0.0526992287917738,-0.005368456572744543
156,2022/7/7,62.9,72.5,62.1,71.2,392109.667,392109.667,-0.005586592178770777,0,-0.12576312576312587,-0.009202487848182068
157,2022/7/6,60.6,64.0,59.7,63.0,238577.722,238577.722,-0.1151685393258427,0,-0.005586592178770777,-0.008664785244598483
158,2022/7/5,63.1,64.4,57.9,60.7,242432.29,242432.29,-0.03650793650793649,0,-0.1151685393258427,-0.013748270696058629
159,2022/7/4,57.7,63.4,56.1,63.1,222520.27,222520.27,0.03953871499176276,1,-0.03650793650793649,-0.012889974935039135
160,2022/7/3,57.9,58.6,54.7,57.7,137330.878,137330.878,-0.0855784469096672,0,0.03953871499176276,-0.011053345569476921
161,2022/7/2,56.4,58.5,54.8,57.9,172300.429,172300.429,0.0034662045060658286,1,-0.0855784469096672,-0.013414214769240677
162,2022/7/1,57.0,59.3,54.8,56.4,266182.852,266182.852,-0.025906735751295318,0,0.0034662045060658286,-0.014403843959501943
163,2022/6/30,60.0,60.3,53.0,57.0,294692.452,294692.452,0.010638297872340496,1,-0.025906735751295318,-0.015612467380335318
164,2022/6/29,60.2,62.3,57.9,59.9,237392.189,237392.189,0.050877192982456076,1,0.010638297872340496,-0.014438185320109764
165,2022/6/28,65.6,69.3,59.5,60.1,252775.947,252775.947,0.0033388981636059967,1,0.050877192982456076,-0.012847320904167951
166,2022/6/27,65.5,68.2,62.7,65.5,206479.496,206479.496,0.08985024958402654,1,0.0033388981636059967,-0.014481224996794695
167,2022/6/26,69.9,73.2,65.1,65.5,230174.219,230174.219,0.0,1,0.08985024958402654,-0.009562501917791488
168,2022/6/25,71.1,75.8,66.6,70.0,328636.956,328636.956,0.06870229007633588,1,0.0,-0.00477545510328955
169,2022/6/24,68.0,73.0,65.4,71.0,415191.434,415191.434,0.014285714285714235,1,0.06870229007633588,-0.0025675818089242277
170,2022/6/23,62.0,69.9,61.8,68.0,380671.72,380671.72,-0.04225352112676062,0,0.014285714285714235,-0.005904429463115058
171,2022/6/22,66.4,67.8,61.4,61.9,432493.434,432493.434,-0.08970588235294119,0,-0.04225352112676062,-0.006871379063587657
172,2022/6/21,61.6,77.9,59.9,66.4,659342.543,659342.543,0.07269789983844932,1,-0.08970588235294119,-0.009936146357529837
173,2022/6/20,54.1,63.3,50.4,61.6,546763.429,546763.429,-0.07228915662650603,0,0.07269789983844932,-0.009670621124819626
174,2022/6/19,49.7,55.4,46.0,54.1,304717.867,304717.867,-0.12175324675324672,0,-0.07228915662650603,-0.010472992034032997
175,2022/6/18,57.5,58.7,45.6,49.6,344720.555,344720.555,-0.08317929759704246,0,-0.12175324675324672,-0.016330258849449598
176,2022/6/17,56.6,59.8,55.6,57.4,133940.667,133940.667,0.157258064516129,1,-0.08317929759704246,-0.01927705744925349
177,2022/6/16,66.6,69.8,55.2,56.6,276230.021,276230.021,-0.013937282229965153,0,0.157258064516129,-0.011263119193379748
178,2022/6/15,62.2,67.2,52.7,66.6,479832.669,479832.669,0.1766784452296819,1,-0.013937282229965153,-0.013503961329692272
179,2022/6/14,59.9,64.3,53.4,62.1,436453.9601,436453.9601,-0.06756756756756743,0,0.1766784452296819,-0.006717657934702155
180,2022/6/13,70.3,71.1,55.2,59.9,627172.106,627172.106,-0.03542673107890504,0,-0.06756756756756743,-0.009301768594034043
181,2022/6/12,77.3,77.7,69.2,70.3,249385.869,249385.869,0.1736227045075125,1,-0.03542673107890504,-0.006247537322586083
182,2022/6/11,88.1,89.2,75.6,77.2,185116.058,185116.058,0.09815078236130881,1,0.1736227045075125,0.004265942204494111
183,2022/6/10,95.8,96.9,85.4,88.2,155536.826,155536.826,0.14248704663212441,1,0.09815078236130881,0.006806640797824289
184,2022/6/9,96.5,99.7,94.4,95.9,67220.052,67220.052,0.08730158730158744,1,0.14248704663212441,0.007788922418990485
185,2022/6/8,99.2,101.8,95.4,96.5,97294.425,97294.425,0.006256517205422307,1,0.08730158730158744,0.008942334369317606
186,2022/6/7,106.0,106.3,95.8,99.3,186716.715,186716.715,0.02901554404145079,1,0.006256517205422307,0.013342989134935878
187,2022/6/6,103.7,111.9,103.5,106.0,189493.954,189493.954,0.06747230614300115,1,0.02901554404145079,0.01449639367560993
188,2022/6/5,106.9,107.5,103.2,103.7,89511.473,89511.473,-0.02169811320754711,0,0.06747230614300115,0.020584421857904725
189,2022/6/4,106.9,108.0,102.6,106.9,98421.318,98421.318,0.030858244937319146,1,-0.02169811320754711,0.021078082634584373
190,2022/6/3,111.0,113.4,103.7,106.9,160603.638,160603.638,0.0,1,0.030858244937319146,0.020788733632769583
191,2022/6/2,106.4,112.1,103.1,110.9,203685.039,203685.039,0.03741814780168373,1,0.0,0.02364134852975849
192,2022/6/1,112.9,121.0,100.7,106.3,395430.014,395430.014,-0.041478809738503264,0,0.03741814780168373,0.024773079972945755
193,2022/5/31,117.3,124.1,112.2,112.9,423146.079,423146.079,0.06208842897460021,1,-0.041478809738503264,0.024254010840038823
194,2022/5/30,95.5,123.1,94.4,117.4,439967.89,439967.89,0.039858281665190454,1,0.06208842897460021,0.025969015210114146
195,2022/5/29,95.5,97.3,91.7,95.5,132405.924,132405.924,-0.18654173764906312,0,0.039858281665190454,0.02560171816620529
196,2022/5/28,92.5,97.0,90.7,95.5,197711.162,197711.162,0.0,1,-0.18654173764906312,0.019272363639116323
197,2022/5/27,101.0,102.0,89.5,92.4,484645.555,484645.555,-0.032460732984293084,0,0.0,0.01627735531964877
198,2022/5/26,102.1,107.0,92.3,101.0,509031.756,509031.756,0.09307359307359309,1,-0.032460732984293084,0.015195330886839001
199,2022/5/25,106.5,108.0,98.3,102.1,299646.223,299646.223,0.0108910891089109,1,0.09307359307359309,0.016007707653414242
200,2022/5/24,99.4,108.2,93.1,106.6,333612.196,333612.196,0.044074436826640584,1,0.0108910891089109,0.01589455348085413
201,2022/5/23,94.2,109.8,92.0,99.3,438387.153,438387.153,-0.0684803001876172,0,0.044074436826640584,0.018772152079300837
202,2022/5/22,91.2,96.9,90.5,94.1,185323.01,185323.01,-0.05236656596173217,0,-0.0684803001876172,0.019479671484811636
203,2022/5/21,90.2,93.2,88.5,91.3,146556.219,146556.219,-0.029755579171094504,0,-0.05236656596173217,0.01531085595813892
204,2022/5/20,91.9,98.2,84.5,90.2,344544.243,344544.243,-0.012048192771084265,0,-0.029755579171094504,0.016728641873319305
205,2022/5/19,81.9,92.0,79.2,91.8,236645.474,236645.474,0.01773835920177369,1,-0.012048192771084265,0.020385477006058052
206,2022/5/18,92.7,97.3,81.3,81.9,283348.361,283348.361,-0.10784313725490191,0,0.01773835920177369,0.023749398899351924
207,2022/5/17,84.0,93.8,83.8,92.6,211199.18,211199.18,0.1306471306471304,1,-0.10784313725490191,0.014912692173650896
208,2022/5/16,92.1,92.1,80.8,83.9,232371.863,232371.863,-0.09395248380129573,0,0.1306471306471304,0.019732172602887413
209,2022/5/15,86.6,92.5,82.2,92.1,177630.536,177630.536,0.09773539928486286,1,-0.09395248380129573,0.01071114163518816
210,2022/5/14,82.5,87.4,77.6,86.7,177665.693,177665.693,-0.05863192182410415,0,0.09773539928486286,0.01622124053026917
211,2022/5/13,77.1,92.9,75.7,82.5,425935.387,425935.387,-0.04844290657439454,0,-0.05863192182410415,0.015447734172095865
212,2022/5/12,82.6,89.0,64.8,77.1,762180.124,762180.124,-0.06545454545454554,0,-0.04844290657439454,0.008045547136032298
213,2022/5/11,105.3,108.6,76.1,82.5,848405.0631,848405.0631,0.07003891050583655,1,-0.06545454545454554,0.0025920362088371527
214,2022/5/10,99.4,118.4,96.6,105.2,610184.927,610184.927,0.27515151515151515,1,0.07003891050583655,0.00017709833796089036
215,2022/5/9,125.9,128.9,98.7,99.3,418075.014,418075.014,-0.056083650190114076,0,0.27515151515151515,0.006438762599625147
216,2022/5/8,132.2,133.4,125.1,125.9,144086.208,144086.208,0.26787512588116824,1,-0.056083650190114076,0.004360757019773935
217,2022/5/7,138.4,138.9,128.6,132.1,125400.396,125400.396,0.04924543288324057,1,0.26787512588116824,0.01232274308109785
218,2022/5/6,141.4,142.8,132.8,138.4,166577.143,166577.143,0.047691143073429254,1,0.04924543288324057,0.011715180639105831
219,2022/5/5,159.6,162.2,136.2,141.4,283592.25,283592.25,0.021676300578034713,1,0.047691143073429254,0.014028155848471708
220,2022/5/4,141.2,160.0,140.8,159.5,196238.618,196238.618,0.12800565770862793,1,0.021676300578034713,0.01372209103649556
221,2022/5/3,144.3,146.7,139.0,141.1,189742.652,189742.652,-0.11536050156739819,0,0.12800565770862793,0.017988946293449826
222,2022/5/2,146.5,149.0,138.9,144.2,142896.988,142896.988,0.021970233876683176,1,-0.11536050156739819,0.012896324647813762
223,2022/5/1,142.3,148.8,138.9,146.5,160643.049,160643.049,0.015950069348127593,1,0.021970233876683176,0.015011292768319976
224,2022/4/30,157.3,162.8,137.8,142.3,221613.022,221613.022,-0.028668941979522078,0,0.015950069348127593,0.013473347447437556
225,2022/4/29,166.2,168.3,151.3,157.3,184509.486,184509.486,0.10541110330288128,1,-0.028668941979522078,0.011189106659280471
226,2022/4/28,168.5,176.0,163.9,166.1,253730.268,253730.268,0.055944055944055826,1,0.10541110330288128,0.020920868024345285
227,2022/4/27,157.9,175.5,156.2,168.4,432886.813,432886.813,0.013847080072245666,1,0.055944055944055826,0.022785669889147146
228,2022/4/26,168.8,179.0,154.5,158.0,304338.544,304338.544,-0.061757719714964354,0,0.013847080072245666,0.024329263657698438
229,2022/4/25,166.4,170.7,153.6,168.9,181848.017,181848.017,0.06898734177215204,1,-0.061757719714964354,0.019168219898079857
230,2022/4/24,173.4,174.9,165.5,166.4,93006.7,93006.7,-0.014801657785671996,0,0.06898734177215204,0.021104761653521226
231,2022/4/23,176.9,179.3,172.1,173.4,79491.235,79491.235,0.04206730769230771,1,-0.014801657785671996,0.019142225166444142
232,2022/4/22,173.8,180.6,171.1,176.9,162970.248,162970.248,0.020184544405997595,1,0.04206730769230771,0.022827145429108305
233,2022/4/21,186.3,196.3,169.7,173.7,234031.115,234031.115,-0.018089315997738886,0,0.020184544405997595,0.025245515774699297
234,2022/4/20,183.0,198.8,178.6,186.2,299082.102,299082.102,0.07196315486470928,1,-0.018089315997738886,0.025634391213811152
235,2022/4/19,169.1,184.2,166.2,183.0,152809.884,152809.884,-0.017185821697099812,0,0.07196315486470928,0.028434769468337603
236,2022/4/18,166.7,170.0,157.4,169.0,173846.477,173846.477,-0.07650273224043713,0,-0.017185821697099812,0.02727063010504182
237,2022/4/17,172.3,177.7,165.9,166.7,82209.939,82209.939,-0.013609467455621416,0,-0.07650273224043713,0.028315310272190645
238,2022/4/16,176.0,176.3,169.8,172.4,50978.97,50978.97,0.034193161367726654,1,-0.013609467455621416,0.023506757002098918
239,2022/4/15,172.1,176.8,168.7,175.9,80485.608,80485.608,0.020301624129930307,1,0.034193161367726654,0.027778278507732998
240,2022/4/14,178.3,180.3,166.4,171.9,147866.391,147866.391,-0.022740193291643007,0,0.020301624129930307,0.025197152669235244
241,2022/4/13,164.5,179.8,162.6,178.2,169380.47,169380.47,0.036649214659685736,1,-0.022740193291643007,0.026393543620317282
242,2022/4/12,157.9,171.4,157.0,164.6,182435.111,182435.111,-0.07631874298540964,0,0.036649214659685736,0.029229947661453294
243,2022/4/11,176.3,178.2,155.6,157.8,196721.827,196721.827,-0.04131227217496947,0,-0.07631874298540964,0.02886780774375782
244,2022/4/10,184.9,188.9,175.0,176.3,145809.454,145809.454,0.11723700887198985,1,-0.04131227217496947,0.025156101654397623
245,2022/4/9,183.3,185.6,176.9,184.8,137126.064,137126.064,0.048213272830402776,1,0.11723700887198985,0.019892284778413444
246,2022/4/8,202.2,202.2,181.1,183.4,271148.735,271148.735,-0.007575757575757569,0,0.048213272830402776,0.02336884887909734
247,2022/4/7,191.2,207.3,189.7,202.2,268122.771,268122.771,0.10250817884405672,1,-0.007575757575757569,0.01418715276386648
248,2022/4/6,221.1,221.1,190.4,191.3,364585.327,364585.327,-0.053907022749752564,0,0.10250817884405672,0.01596257762922702
249,2022/4/5,237.9,238.3,220.0,221.0,117604.076,117604.076,0.15525352848928375,1,-0.053907022749752564,0.012575972101787625
250,2022/4/4,243.0,243.0,224.7,237.9,174361.48,174361.48,0.07647058823529407,1,0.15525352848928375,0.017028546365495927
251,2022/4/3,238.1,253.0,231.3,243.0,243458.017,243458.017,0.021437578814627933,1,0.07647058823529407,0.015310710716384797
252,2022/4/2,244.5,257.4,235.2,238.1,316276.236,316276.236,-0.02016460905349793,0,0.021437578814627933,0.019870646729119
253,2022/4/1,207.0,261.2,206.2,244.6,786879.074,786879.074,0.02729945401091971,1,-0.02016460905349793,0.01846615196477963
254,2022/3/31,223.3,227.8,204.0,207.1,352550.105,352550.105,-0.15331152902698286,0,0.02729945401091971,0.0188444647868727
255,2022/3/30,222.9,242.3,210.5,223.2,727337.359,727337.359,0.07774022211492038,1,-0.15331152902698286,0.014689711885290675
256,2022/3/29,167.7,227.0,167.1,222.7,869814.083,869814.083,-0.0022401433691756623,0,0.07774022211492038,0.013767349179025312
257,2022/3/28,169.2,179.0,164.8,167.7,185956.82,185956.82,-0.24696901661427928,0,-0.0022401433691756623,0.011827875868584263
258,2022/3/27,163.4,169.4,158.6,169.2,104845.818,104845.818,0.008944543828264706,1,-0.24696901661427928,0.003134005979033431
259,2022/3/26,162.5,166.9,160.8,163.4,79044.566,79044.566,-0.03427895981087459,0,0.008944543828264706,0.005490748097141066
260,2022/3/25,168.1,174.4,159.5,162.4,227607.768,227607.768,-0.006119951040391647,0,-0.03427895981087459,0.002048538044373512
261,2022/3/24,156.0,172.8,153.4,168.1,298012.107,298012.107,0.035098522167487545,1,-0.006119951040391647,0.00233792826921619
262,2022/3/23,152.9,157.3,149.7,156.0,110917.834,110917.834,-0.07198096371207607,0,0.035098522167487545,0.0021056354183888516
263,2022/3/22,153.9,162.0,151.6,152.9,135898.693,135898.693,-0.0198717948717948,0,-0.07198096371207607,-0.0009665481855469375
264,2022/3/21,152.7,162.7,146.8,153.9,197380.325,197380.325,0.0065402223675605775,1,-0.0198717948717948,-0.001025964148015468
265,2022/3/20,157.2,159.2,146.3,152.6,176293.529,176293.529,-0.008447043534762888,0,0.0065402223675605775,-0.0032067285645870913
266,2022/3/19,160.2,165.6,154.8,157.2,180754.506,180754.506,0.03014416775884654,1,-0.008447043534762888,-0.0029154359591758603
267,2022/3/18,155.6,164.3,147.3,160.1,349565.048,349565.048,0.018447837150127322,1,0.03014416775884654,0.0006394607074669286
268,2022/3/17,141.7,156.9,136.8,155.6,366515.491,366515.491,-0.02810743285446593,0,0.018447837150127322,0.0017080375276585533
269,2022/3/16,122.0,142.1,121.0,141.7,335373.481,335373.481,-0.08933161953727509,0,-0.02810743285446593,-0.00036864894641453296
270,2022/3/15,118.3,123.0,113.9,122.1,70362.781,70362.781,-0.13832039520112915,0,-0.08933161953727509,-0.004023090401988046
271,2022/3/14,115.6,121.4,113.4,118.4,100571.561,100571.561,-0.030303030303030165,0,-0.13832039520112915,-0.007875763798970918
272,2022/3/13,120.4,120.8,115.0,115.7,87243.07,87243.07,-0.022804054054054057,0,-0.030303030303030165,-0.010107505297728114
273,2022/3/12,116.7,121.6,116.4,120.4,64492.585,64492.585,0.04062229904926529,1,-0.022804054054054057,-0.008323682333349595
274,2022/3/11,119.2,121.1,114.6,116.6,82915.903,82915.903,-0.031561461794019974,0,0.04062229904926529,-0.005592529959208436
275,2022/3/10,127.5,128.4,116.3,119.2,103241.591,103241.591,0.022298456260720467,1,-0.031561461794019974,-0.010552478981408764
276,2022/3/9,121.7,130.5,121.3,127.6,101881.957,101881.957,0.07046979865771807,1,0.022298456260720467,-0.011416306200398175
277,2022/3/8,116.8,125.4,115.7,121.6,195420.302,195420.302,-0.047021943573667735,0,0.07046979865771807,-0.008814787659282319
278,2022/3/7,116.7,124.1,113.3,116.8,189413.408,189413.408,-0.03947368421052633,0,-0.047021943573667735,-0.013799125073206468
279,2022/3/6,124.6,125.7,116.3,116.7,123221.746,123221.746,-0.0008561643835616195,0,-0.03947368421052633,-0.013318013788565593
280,2022/3/5,124.3,126.5,121.9,124.6,90706.439,90706.439,0.06769494430162792,1,-0.0008561643835616195,-0.01852167021766044
281,2022/3/4,129.9,132.0,122.0,124.2,214193.248,214193.248,-0.0032102728731941976,0,0.06769494430162792,-0.018814191682115976
282,2022/3/3,137.7,137.8,126.3,130.0,204432.535,204432.535,0.04669887278582929,1,-0.0032102728731941976,-0.019635786738376716
283,2022/3/2,143.2,146.3,136.1,137.7,242506.592,242506.592,0.0592307692307692,1,0.04669887278582929,-0.01740700401039914
284,2022/3/1,145.8,150.9,139.5,143.3,236428.125,236428.125,0.04066811909949175,1,0.0592307692307692,-0.016342626836404157
285,2022/2/28,131.6,147.2,128.0,145.8,221466.156,221466.156,0.017445917655268595,1,0.04066811909949175,-0.009876638565521671
286,2022/2/27,136.7,144.7,129.4,131.6,248248.896,248248.896,-0.09739368998628273,0,0.017445917655268595,-0.01188644871417673
287,2022/2/26,139.5,144.8,134.9,136.6,103099.328,103099.328,0.03799392097264431,1,-0.09739368998628273,-0.015058233601413633
288,2022/2/25,125.4,143.0,121.8,139.5,214469.702,214469.702,0.021229868228404225,1,0.03799392097264431,-0.005559469015182846
289,2022/2/24,130.6,131.8,112.4,125.4,285671.8647,285671.8647,-0.1010752688172043,0,0.021229868228404225,-0.005149958201844862
290,2022/2/23,134.7,143.1,130.1,130.6,94147.9,94147.9,0.04146730462519921,1,-0.1010752688172043,-0.0073765018353891855
291,2022/2/22,128.6,137.0,125.8,134.7,94375.613,94375.613,0.03139356814701366,1,0.04146730462519921,-0.005790259979869491
292,2022/2/21,137.5,144.7,127.8,128.6,128162.908,128162.908,-0.04528582034149964,0,0.03139356814701366,-0.00591375844721862
293,2022/2/20,146.2,146.3,135.1,137.6,57594.733,57594.733,0.06998444790046654,1,-0.04528582034149964,-0.005023920334866072
294,2022/2/19,145.5,148.8,140.8,146.2,44043.633,44043.633,0.0625,1,0.06998444790046654,-0.002028712242457361
295,2022/2/18,153.1,155.5,143.9,145.5,136887.68,136887.68,-0.004787961696306353,0,0.0625,-0.0001633863213760467
296,2022/2/17,170.4,174.1,150.4,153.0,112872.322,112872.322,0.05154639175257736,1,-0.004787961696306353,-4.1416926760828864e-05
297,2022/2/16,172.3,174.5,162.9,170.5,71443.659,71443.659,0.1143790849673203,1,0.05154639175257736,0.000671990539696865
298,2022/2/15,161.0,172.9,160.5,172.2,64268.817,64268.817,0.009970674486803555,1,0.1143790849673203,0.0038696988002699644
299,2022/2/14,158.1,161.4,152.8,161.0,50377.874,50377.874,-0.06504065040650397,0,0.009970674486803555,0.005138969044978947
300,2022/2/13,162.5,165.4,155.8,158.1,39191.018,39191.018,-0.01801242236024847,0,-0.06504065040650397,0.005948668016004651
301,2022/2/12,163.7,168.7,159.8,162.4,60007.5,60007.5,0.027197975964579513,1,-0.01801242236024847,0.00995893377736734
302,2022/2/11,175.3,181.2,160.2,163.6,83810.02,83810.02,0.00738916256157629,1,0.027197975964579513,0.011875633986287663
303,2022/2/10,188.0,188.9,174.7,175.4,108341.641,108341.641,0.07212713936430326,1,0.00738916256157629,0.012882074540142008
304,2022/2/9,184.1,190.7,176.3,188.0,89960.441,89960.441,0.07183580387685295,1,0.07212713936430326,0.013932235883976607
305,2022/2/8,182.3,192.7,173.5,183.9,154091.746,154091.746,-0.021808510638297807,0,0.07183580387685295,0.017378811406339036
306,2022/2/7,173.6,184.2,169.8,182.1,119127.01,119127.01,-0.00978792822185981,0,-0.021808510638297807,0.015908579176371763
307,2022/2/6,166.2,174.5,165.3,173.5,91113.374,91113.374,-0.04722679846238331,0,-0.00978792822185981,0.013233321613719167
308,2022/2/5,166.8,173.5,164.1,166.2,100784.207,100784.207,-0.04207492795389056,0,-0.04722679846238331,0.013226493117428647
309,2022/2/4,153.0,167.1,151.3,166.8,118649.129,118649.129,0.0036101083032491488,1,-0.04207492795389056,0.013139784992649839
310,2022/2/3,151.2,153.8,145.3,153.0,76172.294,76172.294,-0.08273381294964033,0,0.0036101083032491488,0.013288660748876864
311,2022/2/2,163.8,164.4,149.3,151.2,94165.141,94165.141,-0.01176470588235301,0,-0.08273381294964033,0.008274368840501256
312,2022/2/1,157.5,168.3,157.3,163.7,111357.636,111357.636,0.08267195767195767,1,-0.01176470588235301,0.007989221073529295
313,2022/1/31,149.0,158.7,141.6,157.5,90536.943,90536.943,-0.03787416004886979,0,0.08267195767195767,0.009188323903066908
314,2022/1/30,154.0,155.4,145.9,148.9,61333.875,61333.875,-0.05460317460317454,0,-0.03787416004886979,0.005951492927078942
315,2022/1/29,149.0,157.0,147.7,154.0,68369.124,68369.124,0.03425117528542643,1,-0.05460317460317454,0.002775783136990066
316,2022/1/28,144.6,150.7,139.3,149.0,129453.703,129453.703,-0.03246753246753242,0,0.03425117528542643,0.00333595839132866
317,2022/1/27,146.4,151.4,137.4,144.5,124221.864,124221.864,-0.030201342281879207,0,-0.03246753246753242,0.0055001636419536705
318,2022/1/26,151.8,164.0,142.6,146.5,197539.947,197539.947,0.01384083044982698,1,-0.030201342281879207,0.0032269882001362197
319,2022/1/25,152.4,156.3,145.8,151.8,137214.358,137214.358,0.03617747440273056,1,0.01384083044982698,0.0029806869408503115
320,2022/1/24,158.5,158.6,131.1,152.5,250523.7116,250523.7116,0.004611330698287119,1,0.03617747440273056,0.007555778381514807
321,2022/1/23,147.1,163.3,145.4,158.4,171630.426,171630.426,0.03868852459016403,1,0.004611330698287119,0.006327245917284404
322,2022/1/22,170.9,175.4,135.0,146.9,279002.3329,279002.3329,-0.07260101010101006,0,0.03868852459016403,0.006570411132056083
323,2022/1/21,198.3,200.6,163.1,171.0,295579.022,295579.022,0.1640571817562968,1,-0.07260101010101006,0.005659904806739069
324,2022/1/20,210.4,221.4,197.0,198.4,104323.143,104323.143,0.16023391812865495,1,0.1640571817562968,0.00879566260193341
325,2022/1/19,232.4,236.9,210.0,210.2,147663.612,147663.612,0.05947580645161277,1,0.16023391812865495,0.012053459872888576
326,2022/1/18,226.6,240.5,222.7,232.4,219683.619,219683.619,0.10561370123691738,1,0.05947580645161277,0.014195585477819213
327,2022/1/17,242.4,244.3,221.3,226.6,152666.481,152666.481,-0.02495697074010328,0,0.10561370123691738,0.015997829127297213
328,2022/1/16,238.4,245.5,230.3,242.5,121073.731,121073.731,0.07016769638128872,1,-0.02495697074010328,0.011353293937049761
329,2022/1/15,223.8,243.7,222.3,238.4,182510.09,182510.09,-0.01690721649484539,0,0.07016769638128872,0.0133598613335326
330,2022/1/14,209.4,227.0,204.0,223.9,145344.439,145344.439,-0.060822147651006686,0,-0.01690721649484539,0.014964309130587886
331,2022/1/13,218.7,222.1,207.1,209.3,137541.45,137541.45,-0.06520768200089322,0,-0.060822147651006686,0.013537318287562612
332,2022/1/12,213.2,222.6,210.5,218.5,104713.621,104713.621,0.0439560439560438,1,-0.06520768200089322,0.010457129688713521
333,2022/1/11,199.9,216.9,196.6,213.3,108697.979,108697.979,-0.023798627002288297,0,0.0439560439560438,0.011676025735195772
334,2022/1/10,209.5,213.7,186.7,199.9,206153.558,206153.558,-0.06282231598687293,0,-0.023798627002288297,0.00847850018964272
335,2022/1/9,212.3,219.2,207.7,209.5,125345.269,125345.269,0.048024012006002925,1,-0.06282231598687293,0.00398989619418519
336,2022/1/8,211.8,231.1,200.5,212.3,244685.024,244685.024,0.013365155131265016,1,0.048024012006002925,0.0063176469489952146
337,2022/1/7,221.0,222.1,199.7,211.7,215595.281,215595.281,-0.0028261893546869254,0,0.013365155131265016,0.007089416394099376
338,2022/1/6,230.1,233.1,214.3,221.0,222989.252,222989.252,0.04393008974964574,1,-0.0028261893546869254,0.008569436697689255
339,2022/1/5,252.0,259.4,214.9,230.3,189611.084,189611.084,0.04208144796380098,1,0.04393008974964574,0.011436270621140466
340,2022/1/4,267.2,269.5,249.8,252.1,173580.453,173580.453,0.0946591402518453,1,0.04208144796380098,0.012718648609825526
341,2022/1/3,265.3,286.4,262.7,267.2,252013.495,252013.495,0.05989686632288782,1,0.0946591402518453,0.018631747049875046
342,2022/1/2,266.3,269.1,253.1,265.3,122031.041,122031.041,-0.007110778443113697,0,0.05989686632288782,0.021020466123383076
343,2022/1/1,253.9,266.8,250.2,266.4,110355.452,110355.452,0.004146249528835133,1,-0.007110778443113697,0.018027708252880695
344,2021/12/31,262.7,275.6,249.0,253.9,220819.581,220819.581,-0.046921921921921794,0,0.004146249528835133,0.019428388572137526
345,2021/12/30,236.4,265.8,230.8,262.8,205841.289,205841.289,0.03505317053958246,1,-0.046921921921921794,0.019684430328179285
346,2021/12/29,252.6,259.5,234.8,236.3,256243.717,256243.717,-0.1008371385083714,0,0.03505317053958246,0.01971116350331782
347,2021/12/28,277.5,296.8,252.2,252.7,439629.194,439629.194,0.06940330088870073,1,-0.1008371385083714,0.017432176635289853
348,2021/12/27,268.1,293.3,265.6,277.5,229930.46,229930.46,0.09814008705975463,1,0.06940330088870073,0.02075233140764252
349,2021/12/26,263.7,277.5,250.1,267.8,182402.863,182402.863,-0.03495495495495493,0,0.09814008705975463,0.02356230662797344
350,2021/12/25,270.3,280.8,257.4,263.7,211797.813,211797.813,-0.015309932785661062,0,-0.03495495495495493,0.021191225649383923
351,2021/12/24,247.0,279.4,243.1,270.4,374399.927,374399.927,0.025407660219946893,1,-0.015309932785661062,0.020527183533252318
352,2021/12/23,206.6,248.4,203.8,246.9,448038.8,448038.8,-0.08690828402366857,0,0.025407660219946893,0.020084488054245078
353,2021/12/22,185.9,216.5,185.7,206.5,285902.037,285902.037,-0.1636289995949778,0,-0.08690828402366857,0.019607578923489796
354,2021/12/21,181.0,186.7,178.8,185.9,92763.406,92763.406,-0.09975786924939467,0,-0.1636289995949778,0.008684706211780642
355,2021/12/20,183.3,186.3,167.2,181.0,105734.132,105734.132,-0.02635825712748796,0,-0.09975786924939467,1.8313299178988423e-05
356,2021/12/19,193.0,193.3,182.1,183.3,92553.829,92553.829,0.0127071823204421,1,-0.02635825712748796,-0.0028428221534577023
357,2021/12/18,187.4,202.0,182.7,193.1,389522.75,389522.75,0.0534642662302236,1,0.0127071823204421,-0.005939706117340212
358,2021/12/17,174.1,188.7,162.0,187.3,144892.634,144892.634,-0.03003625064733295,0,0.0534642662302236,-0.0033256648849959826
359,2021/12/16,172.8,181.0,172.2,174.2,88461.739,88461.739,-0.06994127068873479,0,-0.03003625064733295,-0.006665796452616705
360,2021/12/15,169.3,175.7,158.9,172.9,128094.668,128094.668,-0.00746268656716409,0,-0.06994127068873479,-0.008433598259079685
361,2021/12/14,162.3,170.3,158.4,169.5,87941.227,87941.227,-0.019664545980335513,0,-0.00746268656716409,-0.006654949556284932
362,2021/12/13,179.7,180.8,157.6,162.3,92835.474,92835.474,-0.04247787610619458,0,-0.019664545980335513,-0.005136845022266342
363,2021/12/12,181.1,182.5,175.6,179.9,54676.035,54676.035,0.1084411583487368,1,-0.04247787610619458,-0.008017975691007621
364,2021/12/11,166.8,181.1,162.7,181.1,79190.299,79190.299,0.006670372429127269,1,0.1084411583487368,-0.003609982845973451
365,2021/12/10,176.6,181.4,166.3,166.9,135380.546,135380.546,-0.07840971838763111,0,0.006670372429127269,-0.0012935598987734442
366,2021/12/9,203.4,203.9,176.5,176.7,136213.308,136213.308,0.058717795086878244,1,-0.07840971838763111,-0.005508017578561245
367,2021/12/8,186.8,203.6,179.3,203.4,166148.659,166148.659,0.15110356536502567,1,0.058717795086878244,-0.003996262913374138
368,2021/12/7,184.5,197.3,180.6,186.9,163957.829,163957.829,-0.08112094395280234,0,0.15110356536502567,0.001134728910616282
369,2021/12/6,191.6,191.8,167.9,184.6,300726.603,300726.603,-0.012306046013911276,0,-0.08112094395280234,-0.0030336388794653204
370,2021/12/5,202.8,206.2,186.6,191.6,110471.449,110471.449,0.037919826652220934,1,-0.012306046013911276,-0.004846555345389063
371,2021/12/4,225.5,226.2,159.2,202.8,408188.7291,408188.7291,0.05845511482254717,1,0.037919826652220934,-0.006737865798709874
372,2021/12/3,244.6,246.1,217.6,225.6,99595.3433,99595.3433,0.11242603550295849,1,0.05845511482254717,-0.006785924182054563
373,2021/12/2,250.5,250.8,240.1,244.7,75737.596,75737.596,0.0846631205673758,1,0.11242603550295849,-0.00280136371718549
374,2021/12/1,256.8,268.8,249.1,250.7,112982.835,112982.835,0.024519820187985264,1,0.0846631205673758,-0.00011746801590080125
375,2021/11/30,249.7,264.1,244.4,256.7,153718.106,153718.106,0.023932987634623037,1,0.024519820187985264,0.0022639233877627674
376,2021/11/29,238.6,251.2,233.1,249.7,80993.387,80993.387,-0.027269185820023356,0,0.023932987634623037,0.00189325062426412
377,2021/11/28,232.9,239.1,218.3,238.6,76326.885,76326.885,-0.04445334401281531,0,-0.027269185820023356,0.004345515713875721
378,2021/11/27,232.8,243.4,229.9,232.9,66464.069,66464.069,-0.02388935456831509,0,-0.04445334401281531,0.0005502942171585201
379,2021/11/26,263.2,263.8,225.4,232.8,194860.0563,194860.0563,-0.0004293688278230734,0,-0.02388935456831509,-0.0035173538371104708
380,2021/11/25,254.2,264.1,252.2,263.1,123678.935,123678.935,0.1301546391752577,1,-0.0004293688278230734,-0.0023665009662060753
381,2021/11/24,269.8,272.1,251.1,254.3,111013.8907,111013.8907,-0.03344735841885216,0,0.1301546391752577,0.0024823180991578836
382,2021/11/23,263.6,277.6,261.3,269.8,181310.956,181310.956,0.06095163193079034,1,-0.03344735841885216,0.0005204841445312487
383,2021/11/22,266.7,268.8,256.2,263.8,112151.339,112151.339,-0.022238695329873992,0,0.06095163193079034,0.005449148009679879
384,2021/11/21,274.1,274.3,264.0,266.4,96813.615,96813.615,0.009855951478392688,1,-0.022238695329873992,0.010162158151850006
385,2021/11/20,279.3,280.9,267.2,274.1,101858.044,101858.044,0.02890390390390407,1,0.009855951478392688,0.013815952176109585
386,2021/11/19,262.7,280.6,257.8,279.1,102580.899,102580.899,0.01824151769427207,1,0.02890390390390407,0.01565802421048932
387,2021/11/18,284.4,288.4,255.2,262.5,130065.39,130065.39,-0.05947689000358303,0,0.01824151769427207,0.01584250205628365
388,2021/11/17,278.1,287.9,267.5,284.5,130514.085,130514.085,0.08380952380952378,1,-0.05947689000358303,0.012077796848490096
389,2021/11/16,301.7,301.8,263.7,278.2,226930.156,226930.156,-0.02214411247803172,0,0.08380952380952378,0.01587265599705199
390,2021/11/15,315.3,317.3,299.1,301.7,119735.534,119735.534,0.08447160316319202,1,-0.02214411247803172,0.017465894604075424
391,2021/11/14,312.6,317.6,309.6,315.1,84935.864,84935.864,0.044414981769970385,1,0.08447160316319202,0.020530370928420628
392,2021/11/13,308.5,314.5,302.8,312.6,79659.774,79659.774,-0.007933989209774728,0,0.044414981769970385,0.022666355186764155
393,2021/11/12,311.8,313.8,295.9,308.6,117436.986,117436.986,-0.012795905310300726,0,-0.007933989209774728,0.023817818083311484
394,2021/11/11,312.4,319.2,307.1,311.9,97829.48,97829.48,0.010693454309786077,1,-0.012795905310300726,0.019776582628010235
395,2021/11/10,336.5,346.7,295.2,312.6,262918.804,262918.804,0.0022443090734212134,1,0.010693454309786077,0.019910685357365527
396,2021/11/9,332.2,349.9,326.3,336.5,260663.843,260663.843,0.07645553422904672,1,0.0022443090734212134,0.022599152939400607
397,2021/11/8,319.9,335.4,318.5,332.0,123587.065,123587.065,-0.013372956909361022,0,0.07645553422904672,0.02319041091080622
398,2021/11/7,318.3,323.8,316.2,319.9,65511.145,65511.145,-0.03644578313253022,0,-0.013372956909361022,0.017707860168326664
399,2021/11/6,326.4,327.3,307.1,318.2,114167.603,114167.603,-0.005314160675210955,0,-0.03644578313253022,0.01919703219566907
400,2021/11/5,332.8,347.0,323.9,326.4,171235.494,171235.494,0.025769956002514194,1,-0.005314160675210955,0.019430095040292413
401,2021/11/4,325.2,335.7,313.0,332.8,160758.022,160758.022,0.019607843137255054,1,0.025769956002514194,0.019025099351968854
402,2021/11/3,324.9,326.3,311.1,325.2,150808.626,150808.626,-0.022836538461538547,0,0.019607843137255054,0.01773019029579245
403,2021/11/2,324.2,328.2,317.5,324.8,84076.803,84076.803,-0.0012300123001229846,0,-0.022836538461538547,0.013221437830309216
404,2021/11/1,314.3,324.4,301.9,324.1,125073.516,125073.516,-0.0021551724137930384,0,-0.0012300123001229846,0.01035833340139259
405,2021/10/31,318.9,323.0,300.3,314.2,113464.753,113464.753,-0.030546127738352413,0,-0.0021551724137930384,0.009469166981333314
406,2021/10/30,328.1,328.6,312.4,319.0,138900.956,138900.956,0.015276893698281446,1,-0.030546127738352413,0.0076531964689007985
407,2021/10/29,339.1,347.9,324.7,328.1,197835.869,197835.869,0.028526645768025105,1,0.015276893698281446,0.00907139911951096
408,2021/10/28,324.6,349.7,317.1,339.1,349511.778,349511.778,0.033526363913441104,1,0.028526645768025105,0.011504065445538973
409,2021/10/27,329.2,459.0,322.8,324.4,1345047.828,1345047.828,-0.043350044234739094,0,0.033526363913441104,0.013417922728264179
410,2021/10/26,312.8,345.5,312.2,328.8,200765.335,200765.335,0.01356350184956856,1,-0.043350044234739094,0.011987233548033644
411,2021/10/25,307.7,316.9,306.4,312.8,65895.452,65895.452,-0.048661800486618056,0,0.01356350184956856,0.008100862303844008
412,2021/10/24,324.1,325.3,299.8,307.8,74284.834,74284.834,-0.015984654731457826,0,-0.048661800486618056,0.007593714234918477
413,2021/10/23,310.2,324.3,307.3,324.0,53868.191,53868.191,0.05263157894736836,1,-0.015984654731457826,0.005029171346176872
414,2021/10/22,314.8,326.9,305.8,310.2,80197.249,80197.249,-0.042592592592592626,0,0.05263157894736836,0.007524847155418283
415,2021/10/21,316.6,338.0,310.4,315.0,144828.406,144828.406,0.01547388781431347,1,-0.042592592592592626,0.005776562353052106
416,2021/10/20,303.6,317.6,296.4,316.6,84115.777,84115.777,0.005079365079365239,1,0.01547388781431347,0.0053288951500657525
417,2021/10/19,294.1,304.3,292.6,303.4,65804.57,65804.57,-0.04169298799747334,0,0.005079365079365239,0.004890156729568858
418,2021/10/18,304.5,308.3,289.7,294.2,65271.96,65271.96,-0.030323005932762048,0,-0.04169298799747334,0.0054829534631058476
419,2021/10/17,304.9,321.2,291.6,304.4,95845.841,95845.841,0.034670292318150775,1,-0.030323005932762048,0.0016785358050296535
420,2021/10/16,301.5,319.9,299.5,304.7,92924.881,92924.881,0.000985545335085547,1,0.034670292318150775,0.0035723492982357367
421,2021/10/15,303.6,305.1,292.1,301.5,89407.892,89407.892,-0.010502133245815504,0,0.000985545335085547,0.0007894807039655209
422,2021/10/14,297.4,320.0,293.2,303.7,124887.086,124887.086,0.007296849087893742,1,-0.010502133245815504,-0.0010410897965606755
423,2021/10/13,284.0,302.8,282.0,297.4,126532.221,126532.221,-0.02074415541652952,0,0.007296849087893742,-0.0005333951866383931
424,2021/10/12,290.5,290.6,270.8,284.0,94921.819,94921.819,-0.04505716207128441,0,-0.02074415541652952,-0.0007983368568460196
425,2021/10/11,287.8,302.0,283.0,290.6,62940.683,62940.683,0.02323943661971839,1,-0.04505716207128441,-0.0026566907362150357
426,2021/10/10,307.4,307.9,286.7,287.9,55289.417,55289.417,-0.009291121816930592,0,0.02323943661971839,-0.001956853151338463
427,2021/10/9,307.6,313.2,304.0,307.1,46230.589,46230.589,0.06668982285515823,1,-0.009291121816930592,-0.004815075019537707
428,2021/10/8,305.8,324.9,303.2,307.0,104166.534,104166.534,-0.0003256268316510491,0,0.06668982285515823,-0.002146315694053732
429,2021/10/7,311.8,313.7,298.7,305.9,93383.702,93383.702,-0.003583061889250838,0,-0.0003256268316510491,-0.000942310484024426
430,2021/10/6,307.6,318.0,284.4,311.8,154231.114,154231.114,0.01928734880679972,1,-0.003583061889250838,-0.0008846071911590888
431,2021/10/5,300.8,310.0,296.1,307.5,98805.702,98805.702,-0.013790891597177724,0,0.01928734880679972,-0.0011006940976829047
432,2021/10/4,310.5,311.3,290.7,300.7,118833.012,118833.012,-0.022113821138211365,0,-0.013790891597177724,-0.0022139852554973307
433,2021/10/3,313.8,323.5,308.4,310.6,103424.993,103424.993,0.032923179248420364,1,-0.022113821138211365,-0.002189894678053091
434,2021/10/2,302.6,323.7,297.0,313.8,116618.898,116618.898,0.010302640051513157,1,0.032923179248420364,-0.0010514549597683128
435,2021/10/1,276.4,304.4,271.9,302.5,133316.66,133316.66,-0.03601019757807522,0,0.010302640051513157,-0.0006361945442581063
436,2021/9/30,265.1,281.5,263.7,276.3,74430.131,74430.131,-0.08661157024793387,0,-0.03601019757807522,-0.0008183302055821998
437,2021/9/29,261.0,277.6,259.1,265.1,78559.274,78559.274,-0.040535649656170736,0,-0.08661157024793387,-0.00421461233712271
438,2021/9/28,273.2,277.7,259.7,260.9,103469.358,103469.358,-0.01584307808374219,0,-0.040535649656170736,-0.006516688851262571
439,2021/9/27,293.4,309.5,272.9,273.4,121832.497,121832.497,0.04791107704101183,1,-0.01584307808374219,-0.008162336917835349
440,2021/9/26,274.3,300.6,252.0,293.3,199488.4361,199488.4361,0.07278712509144114,1,0.04791107704101183,-0.005120299541976984
441,2021/9/25,280.7,284.1,268.0,274.3,82396.758,82396.758,-0.06478008864643714,0,0.07278712509144114,-0.003146178767247898
442,2021/9/24,308.9,311.9,262.1,280.8,180971.26,180971.26,0.023696682464454888,1,-0.06478008864643714,-0.0036834550392418675
443,2021/9/23,301.8,309.7,294.0,308.9,99137.571,99137.571,0.10007122507122501,1,0.023696682464454888,-0.0023607437993781104
444,2021/9/22,271.5,303.7,266.0,301.9,165992.048,165992.048,-0.022661055357720894,0,0.10007122507122501,-0.000779422261916222
445,2021/9/21,291.9,306.9,259.9,271.7,172544.3724,172544.3724,-0.1000331235508446,0,-0.022661055357720894,-0.00011503768742049762
446,2021/9/20,340.0,341.0,287.7,291.9,217271.3922,217271.3922,0.07434670592565329,1,-0.1000331235508446,-0.003965271399592433
447,2021/9/19,355.3,358.0,335.0,340.0,88851.515,88851.515,0.16478245974648864,1,0.07434670592565329,-0.001656360038049498
448,2021/9/18,353.9,369.0,346.8,355.1,103616.382,103616.382,0.04441176470588237,1,0.16478245974648864,0.005226154886749235
449,2021/9/17,383.9,390.0,350.2,353.9,159639.023,159639.023,-0.003379329766263206,0,0.04441176470588237,0.007717313908037382
450,2021/9/16,414.5,414.9,370.6,384.0,238619.168,238619.168,0.08505227465385712,1,-0.003379329766263206,0.0064489931718902495
451,2021/9/15,384.7,418.0,376.1,414.5,277562.717,277562.717,0.07942708333333326,1,0.08505227465385712,0.009251217482515969
452,2021/9/14,331.0,390.7,327.6,384.7,292237.495,292237.495,-0.07189384800965026,0,0.07942708333333326,0.012248858035154261
453,2021/9/13,333.3,337.4,303.1,330.9,137457.19,137457.19,-0.1398492331687029,0,-0.07189384800965026,0.009609168131902794
454,2021/9/12,328.6,348.7,321.6,333.3,112163.685,112163.685,0.0072529465095196866,1,-0.1398492331687029,0.005638998873497014
455,2021/9/11,312.1,340.1,310.7,328.6,99820.369,99820.369,-0.01410141014101407,0,0.0072529465095196866,0.0073826691595238175
456,2021/9/10,330.6,340.2,304.3,312.2,155908.7312,155908.7312,-0.0499087035909922,0,-0.01410141014101407,0.006137974267499402
457,2021/9/9,330.6,350.7,324.3,330.5,150482.957,150482.957,0.05861627162075589,1,-0.0499087035909922,0.004784054875030682
458,2021/9/8,346.7,353.2,311.8,330.5,239682.595,239682.595,0.0,1,0.05861627162075589,0.004514936500550603
459,2021/9/7,408.7,409.4,309.1,346.7,328526.7329,328526.7329,0.04901664145234497,1,0.0,0.004525790728272305
460,2021/9/6,416.9,425.0,395.0,408.7,143054.615,143054.615,0.17882895875396598,1,0.04901664145234497,0.0062791141729921654
461,2021/9/5,398.0,425.7,394.6,416.8,178856.8499,178856.8499,0.019818938096403338,1,0.17882895875396598,0.011597167837897708
462,2021/9/4,395.0,406.7,390.6,397.8,89592.696,89592.696,-0.045585412667946246,0,0.019818938096403338,0.01271749549435041
463,2021/9/3,399.3,408.0,387.8,395.0,127761.849,127761.849,-0.007038712921065837,0,-0.045585412667946246,0.011935109110025913
464,2021/9/2,413.2,415.0,398.8,399.4,103052.8514,103052.8514,0.011139240506329084,1,-0.007038712921065837,0.010603046037709707
465,2021/9/1,391.7,414.2,381.9,413.1,231975.5985,231975.5985,0.03430145217826741,1,0.011139240506329084,0.010630932719536905
466,2021/8/31,357.9,398.2,350.5,391.7,216322.4396,216322.4396,-0.05180343742435256,0,0.03430145217826741,0.012974654378081658
467,2021/8/30,363.9,377.0,345.9,357.6,114782.011,114782.011,-0.08705642073015052,0,-0.05180343742435256,0.014134925472201037
468,2021/8/29,367.1,377.5,355.5,364.1,83041.7566,83041.7566,0.018176733780760568,1,-0.08705642073015052,0.012584233103068377
469,2021/8/28,372.6,375.9,361.7,367.2,64113.912,64113.912,0.008514144465805895,1,0.018176733780760568,0.013718226831885135
470,2021/8/27,350.5,375.4,343.8,372.8,113318.6367,113318.6367,0.015250544662309462,1,0.008514144465805895,0.012404995746044938
471,2021/8/26,384.17,389.3,340.9,350.7,112812.2271,112812.2271,-0.05928111587982843,0,0.015250544662309462,0.010487109731740548
472,2021/8/25,377.98,386.12,363.5,384.16,103418.2501,103418.2501,0.09540918163672663,1,-0.05928111587982843,0.010670408823960838
473,2021/8/24,408.35,414.01,370.0,377.97,117344.3049,117344.3049,-0.0161130778842149,0,0.09540918163672663,0.013060825463036562
474,2021/8/23,400.98,415.49,399.13,408.35,130982.4044,130982.4044,0.08037674947747164,1,-0.0161130778842149,0.0091880153645219
475,2021/8/22,399.91,408.63,385.75,400.98,83066.0189,83066.0189,-0.018048242928860092,0,0.08037674947747164,0.012622608859028318
476,2021/8/21,409.27,415.84,393.25,399.91,137607.949,137607.949,-0.002668462267444771,0,-0.018048242928860092,0.015355438213094466
477,2021/8/20,405.31,420.82,403.22,409.2,143871.086,143871.086,0.02323022680103004,1,-0.002668462267444771,0.012788265939991198
478,2021/8/19,380.25,405.4,370.49,405.4,148762.6376,148762.6376,-0.009286412512218956,0,0.02323022680103004,0.008069858175142578
479,2021/8/18,381.44,397.55,361.27,380.22,218560.9458,218560.9458,-0.062111494819930835,0,-0.009286412512218956,0.006279918934539201
480,2021/8/17,412.59,448.44,380.52,381.46,263870.2827,263870.2827,0.00326126979117336,1,-0.062111494819930835,0.004322180099416946
481,2021/8/16,410.14,446.66,407.87,412.59,265650.0373,265650.0373,0.0816075079955958,1,0.00326126979117336,0.0015958132706608212
482,2021/8/15,414.39,416.11,391.24,410.27,124038.8121,124038.8121,-0.00562301558447853,0,0.0816075079955958,0.001668494092736239
483,2021/8/14,427.52,428.25,404.15,414.38,104107.1226,104107.1226,0.010017793160601585,1,-0.00562301558447853,0.0038775218402419633
484,2021/8/13,392.27,428.28,387.87,427.5,145749.7885,145749.7885,0.03166175973743912,1,0.010017793160601585,0.008873089384552113
485,2021/8/12,402.62,417.92,375.93,392.17,140282.8985,140282.8985,-0.08264327485380119,0,0.03166175973743912,0.009686716492149427
486,2021/8/11,383.99,420.0,382.6,402.42,202514.7059,202514.7059,0.026136624423081845,1,-0.08264327485380119,0.007401987668389857
487,2021/8/10,374.02,400.0,367.86,384.14,168365.7513,168365.7513,-0.04542517767506593,0,0.026136624423081845,0.009936831935525659
488,2021/8/9,360.82,384.86,347.36,374.01,141330.9613,141330.9613,-0.026370594054251018,0,-0.04542517767506593,0.006468783625664931
489,2021/8/8,385.12,389.45,352.0,360.72,123004.407,123004.407,-0.0355338092564369,0,-0.026370594054251018,0.005589763823856564
490,2021/8/7,369.76,400.02,365.1,385.07,201211.6316,201211.6316,0.06750388112663552,1,-0.0355338092564369,0.0027714154668971682
491,2021/8/6,372.97,379.48,356.95,369.6,175602.3833,175602.3833,-0.040174513724777206,0,0.06750388112663552,-0.000939420454013847
492,2021/8/5,339.01,383.0,336.87,372.78,381289.3282,381289.3282,0.008603896103895892,1,-0.040174513724777206,-0.002939202181386532
493,2021/8/4,308.49,343.0,300.26,339.02,162734.4232,162734.4232,-0.09056279843339232,0,0.008603896103895892,-0.0011328918889917938
494,2021/8/3,320.32,324.04,301.97,308.74,113981.445,113981.445,-0.08931626452716646,0,-0.09056279843339232,-0.00391702807273601
495,2021/8/2,316.38,329.02,309.01,320.4,113543.7248,113543.7248,0.03776640538964804,1,-0.08931626452716646,-0.007265544907185862
496,2021/8/1,331.11,339.59,313.51,316.38,152042.0804,152042.0804,-0.012546816479400702,0,0.03776640538964804,-0.007150046466806507
497,2021/7/31,320.39,333.0,312.69,331.1,129435.4744,129435.4744,0.046526329097920316,1,-0.012546816479400702,-0.005841492435308112
498,2021/7/30,312.0,323.85,300.0,320.49,178825.6618,178825.6618,-0.03204469948655997,0,0.046526329097920316,-0.0013887341077057505
499,2021/7/29,298.04,315.75,292.41,312.0,164845.9096,164845.9096,-0.026490686136853014,0,-0.03204469948655997,-0.0030627818832831017
500,2021/7/28,299.98,309.0,292.02,297.92,188239.9438,188239.9438,-0.045128205128205034,0,-0.026490686136853014,-0.004229609570038399
501,2021/7/27,302.53,312.36,283.29,299.94,323347.1987,323347.1987,0.00678034371643399,1,-0.045128205128205034,-0.0062422345630555485
502,2021/7/26,287.89,335.52,285.66,302.43,462405.8675,462405.8675,0.008301660332066474,1,0.00678034371643399,-0.004040185909846801
503,2021/7/25,287.89,293.18,271.9,288.07,142260.1545,142260.1545,-0.04748206196475224,0,0.008301660332066474,-0.006943769953335473
504,2021/7/24,289.99,299.05,280.85,287.67,176431.3628,176431.3628,-0.0013885513937583749,0,-0.04748206196475224,-0.007989402756020052
505,2021/7/23,278.54,293.0,268.0,290.0,218991.407,218991.407,0.00809955852191746,1,-0.0013885513937583749,-0.010714912785061053
506,2021/7/22,259.45,280.33,256.67,278.66,225622.7276,225622.7276,-0.039103448275861985,0,0.00809955852191746,-0.009843319403368467
507,2021/7/21,223.39,263.48,216.99,259.45,247998.9693,247998.9693,-0.06893705591042865,0,-0.039103448275861985,-0.011057818936982374
508,2021/7/20,238.45,242.41,212.54,223.03,191015.8602,191015.8602,-0.14037386779726335,0,-0.06893705591042865,-0.014130061694030997
509,2021/7/19,253.88,255.99,232.93,238.51,147774.6078,147774.6078,0.06940770299959631,1,-0.14037386779726335,-0.01849964353686581
510,2021/7/18,253.14,267.96,250.69,253.68,107331.6064,107331.6064,0.06360320321999091,1,0.06940770299959631,-0.014115670276214905
511,2021/7/17,253.14,259.06,245.01,253.14,132529.3776,132529.3776,-0.0021286660359508547,0,0.06360320321999091,-0.01210427249525432
512,2021/7/16,272.28,279.79,252.2,253.13,159349.1979,159349.1979,-3.950383187167894e-05,0,-0.0021286660359508547,-0.014895478296305876
513,2021/7/15,279.34,288.38,265.38,272.3,247936.7541,247936.7541,0.07573183739580469,1,-3.950383187167894e-05,-0.014709361237885648
514,2021/7/14,271.23,285.59,251.85,279.29,300658.576,300658.576,0.02567021667278735,1,0.07573183739580469,-0.012518893096712209
515,2021/7/13,296.73,297.74,267.45,271.23,196443.9373,196443.9373,-0.028858892190912644,0,0.02567021667278735,-0.01271861119886727
516,2021/7/12,305.1,321.95,291.18,296.73,249947.8467,249947.8467,0.09401614865612218,1,-0.028858892190912644,-0.010925798443437652
517,2021/7/11,294.66,311.0,286.03,305.09,171310.8925,171310.8925,0.028173760657836944,1,0.09401614865612218,-0.00866314763566964
518,2021/7/10,303.07,311.87,288.21,294.7,181454.0335,181454.0335,-0.0340555245992985,0,0.028173760657836944,-0.006209849691239544
519,2021/7/9,291.34,314.72,276.0,303.0,414420.679,414420.679,0.028164234815066136,1,-0.0340555245992985,-0.006466014042741127
520,2021/7/8,314.76,315.68,275.96,291.36,541972.3649,541972.3649,-0.03841584158415834,0,0.028164234815066136,-0.004342745907024359
521,2021/7/7,316.49,331.7,310.06,314.83,301732.4367,301732.4367,0.08055326743547497,1,-0.03841584158415834,-0.007873403330717487
522,2021/7/6,308.1,347.53,308.06,316.49,680686.4398,680686.4398,0.005272686846869767,1,0.08055326743547497,-0.003849143958709082
523,2021/7/5,277.0,318.4,260.42,308.22,595969.2872,595969.2872,-0.026130367468166438,0,0.005272686846869767,-0.0039601842672766195
524,2021/7/4,259.41,289.9,248.03,277.0,287632.6323,287632.6323,-0.10129128544546107,0,-0.026130367468166438,-0.0018124365684357565
525,2021/7/3,234.05,267.08,227.75,259.42,275045.4219,275045.4219,-0.06346570397111906,0,-0.10129128544546107,-0.00221160393237891
526,2021/7/2,230.18,234.96,215.62,234.12,183917.2291,183917.2291,-0.09752524863156276,0,-0.06346570397111906,-0.005586007577737814
527,2021/7/1,250.96,253.02,227.22,230.17,234518.7354,234518.7354,-0.016871689731761563,0,-0.09752524863156276,-0.008418621982809881
528,2021/6/30,238.03,252.58,219.71,251.08,273789.0701,273789.0701,0.0908458965112744,1,-0.016871689731761563,-0.010531889277132611
529,2021/6/29,227.32,253.32,226.04,238.22,280295.6893,280295.6893,-0.05121873506452135,0,0.0908458965112744,-0.006435536077204799
530,2021/6/28,202.93,233.22,200.62,227.37,261935.838,261935.838,-0.045546133825875246,0,-0.05121873506452135,-0.007259804374793744
531,2021/6/27,187.17,203.29,183.06,202.87,206406.7783,206406.7783,-0.10775388133878705,0,-0.045546133825875246,-0.00727373533138275
532,2021/6/26,186.76,193.37,176.32,187.29,163389.7262,163389.7262,-0.0767979494257407,0,-0.10775388133878705,-0.011091542833223451
533,2021/6/25,211.37,214.86,185.12,186.86,192411.9939,192411.9939,-0.0022959047466494242,0,-0.0767979494257407,-0.013928196491817025
534,2021/6/24,207.53,218.38,193.08,211.28,223463.3788,223463.3788,0.1306860751364658,1,-0.0022959047466494242,-0.012421991251213597
535,2021/6/23,206.14,229.65,196.9,207.65,365959.3891,365959.3891,-0.01718099204846646,0,0.1306860751364658,-0.008019503700206125
536,2021/6/22,212.69,224.0,170.1,206.12,572892.022,572892.022,-0.007368167589694163,0,-0.01718099204846646,-0.008862188719218922
537,2021/6/21,272.85,275.75,206.0,212.64,299648.8868,299648.8868,0.03163205899476029,1,-0.007368167589694163,-0.007804346029679995
538,2021/6/20,254.68,277.24,242.07,272.67,148498.3831,148498.3831,0.28230812641083536,1,0.03163205899476029,-0.00445204219950703
539,2021/6/19,265.08,270.1,254.38,254.59,80174.9178,80174.9178,-0.06630725785748348,0,0.28230812641083536,0.009637357607429594
540,2021/6/18,293.25,293.77,252.74,265.11,146028.0676,146028.0676,0.04132134019403755,1,-0.06630725785748348,0.005113525578860268
541,2021/6/17,290.72,305.49,285.16,293.21,69912.576,69912.576,0.10599373844819127,1,0.04132134019403755,0.0043707968113284885
542,2021/6/16,311.69,313.98,287.35,290.71,95598.8535,95598.8535,-0.00852631219944755,0,0.10599373844819127,0.007974876960799893
543,2021/6/15,318.2,327.48,306.78,311.78,106084.0846,106084.0846,0.07247772694437749,1,-0.00852631219944755,0.007691983348547363
544,2021/6/14,316.3,336.49,308.57,318.19,180494.1762,180494.1762,0.02055936878568221,1,0.07247772694437749,0.007583513000166456
545,2021/6/13,278.55,318.18,266.68,316.27,182230.2044,182230.2044,-0.006034130550928718,0,0.02055936878568221,0.007413151403929619
546,2021/6/12,285.53,289.37,265.68,278.49,136891.9389,136891.9389,-0.11945489613305083,0,-0.006034130550928718,0.008173976791929083
547,2021/6/11,310.41,315.2,280.52,285.33,128679.1619,128679.1619,0.024561025530539515,1,-0.11945489613305083,0.0010582752989566494
548,2021/6/10,338.99,339.99,303.84,310.29,118220.4712,118220.4712,0.0874776574492695,1,0.024561025530539515,0.0009378507947134018
549,2021/6/9,329.31,343.89,305.57,338.85,188262.9676,188262.9676,0.09204292758387322,1,0.0874776574492695,0.004988956862999002
550,2021/6/8,334.51,339.21,296.37,329.3,213810.623,213810.623,-0.028183562048103905,0,0.09204292758387322,0.007118246621959238
551,2021/6/7,365.73,387.76,331.54,334.54,182850.3444,182850.3444,0.015912541755238374,1,-0.028183562048103905,0.007459322606494386
552,2021/6/6,356.24,368.46,354.49,365.48,68754.6635,68754.6635,0.09248520356310164,1,0.015912541755238374,0.005304631750486499
553,2021/6/5,373.11,391.7,347.03,356.22,178930.1369,178930.1369,-0.025336543723322724,0,0.09248520356310164,0.008211715641027562
554,2021/6/4,398.19,398.86,346.42,373.11,229261.9947,229261.9947,0.047414519117399356,1,-0.025336543723322724,0.008238176432522353
555,2021/6/3,384.23,409.38,376.16,398.36,177686.9452,177686.9452,0.06767441237168659,1,0.047414519117399356,0.0131950365846177
556,2021/6/2,372.85,402.3,361.51,384.24,208923.1678,208923.1678,-0.0354453258359273,0,0.06767441237168659,0.017566373796044553
557,2021/6/1,382.4,393.56,360.7,373.13,311375.3466,311375.3466,-0.028914220278992375,0,-0.0354453258359273,0.01963570455589907
558,2021/5/31,324.38,385.41,304.36,382.44,338881.0828,338881.0828,0.024951089432637463,1,-0.028914220278992375,0.019234286870991376
559,2021/5/30,297.87,339.3,281.43,324.38,188588.2838,188588.2838,-0.1518146637381027,0,0.024951089432637463,0.017037793301703477
560,2021/5/29,320.21,335.81,280.3,298.02,252141.7386,252141.7386,-0.08126271656698936,0,-0.1518146637381027,0.013684595679250766
561,2021/5/28,372.0,376.6,304.0,319.8,386903.2378,386903.2378,0.07308234346688147,1,-0.08126271656698936,0.012494042921213628
562,2021/5/27,414.54,415.07,364.47,371.9,316297.0337,316297.0337,0.16291432145090678,1,0.07308234346688147,0.01852191708140258
563,2021/5/26,370.3,418.0,357.29,414.57,402571.4835,402571.4835,0.11473514385587524,1,0.16291432145090678,0.026512326110624162
564,2021/5/25,387.37,404.93,321.64,370.66,414097.3471,414097.3471,-0.10591697421424606,0,0.11473514385587524,0.03041336106404165
565,2021/5/24,293.08,397.67,286.39,387.06,603161.2079,603161.2079,0.044245400097123966,1,-0.10591697421424606,0.022526592752351256
566,2021/5/23,334.85,350.68,208.09,293.31,777740.8903,777740.8903,-0.24221050999844984,0,0.044245400097123966,0.02457413915720427
567,2021/5/22,372.88,382.78,310.0,334.87,436067.2922,436067.2922,0.14169308922300639,1,-0.24221050999844984,0.016746061076912414
568,2021/5/21,466.85,494.42,310.0,373.29,562543.9343,562543.9343,0.11473108967659096,1,0.14169308922300639,0.02041476208452062
569,2021/5/20,413.95,509.0,351.56,467.22,613938.9288,613938.9288,0.25162742103994207,1,0.11473108967659096,0.014828860860045805
570,2021/5/19,628.37,649.86,350.0,414.36,1181213.452,1181213.452,-0.11313728008218826,0,0.25162742103994207,0.025426683489959988
571,2021/5/18,572.45,668.0,562.04,628.75,706129.4983,706129.4983,0.5174003282170092,1,-0.11313728008218826,0.020278062814085795
572,2021/5/17,527.84,593.89,470.0,572.26,546539.805,546539.805,-0.08984493041749508,0,0.5174003282170092,0.03399161580637973
573,2021/5/16,517.2,562.72,477.35,527.88,299952.7342,299952.7342,-0.07755216160486489,0,-0.08984493041749508,0.03128099519911147
574,2021/5/15,594.8,611.0,508.31,517.89,336189.7337,336189.7337,-0.01892475562627871,0,-0.07755216160486489,0.02627999891413673
575,2021/5/14,508.87,634.32,505.61,594.78,443099.6582,443099.6582,0.14846782135202452,1,-0.01892475562627871,0.024963861433738032
576,2021/5/13,513.81,621.0,450.0,509.33,976961.4174,976961.4174,-0.14366656578903125,0,0.14846782135202452,0.030113926497169808
577,2021/5/12,457.73,598.0,455.98,513.81,1027598.079,1027598.079,0.008795869082912855,1,-0.14366656578903125,0.029306870841970457
578,2021/5/11,433.02,459.34,417.4,457.28,141927.1696,141927.1696,-0.1100212140674568,0,0.008795869082912855,0.02878136562704957
579,2021/5/10,459.44,482.46,400.0,433.48,193342.4905,193342.4905,-0.05204688593421969,0,-0.1100212140674568,0.02219806990982536
580,2021/5/9,466.86,469.98,440.64,459.51,108532.9756,108532.9756,0.06004890652394557,1,-0.05204688593421969,0.01739507612588893
581,2021/5/8,445.33,475.65,440.27,466.9,118733.5978,118733.5978,0.016082348588714046,1,0.06004890652394557,0.020336158411623912
582,2021/5/7,452.94,469.64,432.15,445.13,157154.5623,157154.5623,-0.04662668665667158,0,0.016082348588714046,0.020341818639406435
583,2021/5/6,480.79,482.31,440.0,452.93,196776.2338,196776.2338,0.017522970817513972,1,-0.04662668665667158,0.015704755632080663
584,2021/5/5,448.03,485.0,439.43,480.4,219568.8268,219568.8268,0.06064954849535242,1,0.017522970817513972,0.01713340611677522
585,2021/5/4,518.62,519.95,442.14,448.1,374734.9299,374734.9299,-0.06723563696919221,0,0.06064954849535242,0.017574573762706987
586,2021/5/3,482.41,535.0,481.04,518.22,280956.009,280956.009,0.15648292791787544,1,-0.06723563696919221,0.013077572118011027
587,2021/5/2,504.6,510.0,470.6,482.41,212962.0213,212962.0213,-0.06910192582300956,0,0.15648292791787544,0.01947518057647112
588,2021/5/1,444.72,512.0,436.27,504.47,352307.5767,352307.5767,0.04572873696648072,1,-0.06910192582300956,0.018135590391670547
589,2021/4/30,438.95,462.08,429.07,444.72,234640.0539,234640.0539,-0.11844113624199659,0,0.04572873696648072,0.018828178642798656
590,2021/4/29,460.99,463.23,423.77,438.96,244980.1299,244980.1299,-0.012951969778737249,0,-0.11844113624199659,0.019940629559335524
591,2021/4/28,440.86,486.712,423.01,460.88,427915.3354,427915.3354,0.049936212866775964,1,-0.012951969778737249,0.02221765445227726
592,2021/4/27,405.21,453.01,394.06,440.7,318605.4765,318605.4765,-0.04378580107620211,0,0.049936212866775964,0.02144611676560708
593,2021/4/26,348.98,409.11,345.43,405.65,321545.8688,321545.8688,-0.07953256183344681,0,-0.04378580107620211,0.014556112681370114
594,2021/4/25,317.332,353.791,314.753,348.53,145310.1746,145310.1746,-0.14081104400345124,0,-0.07953256183344681,0.008080522491726047
595,2021/4/24,343.816,344.442,314.137,317.331,147934.681,147934.681,-0.08951596706165887,0,-0.14081104400345124,0.0069173868320858735
596,2021/4/23,359.821,372.271,308.12,343.386,418595.218,418595.218,0.08210669616268196,1,-0.08951596706165887,0.0024586745934597793
597,2021/4/22,351.431,415.134,343.062,359.709,435741.361,435741.361,0.04753542660446253,1,0.08210669616268196,0.013269248132164173
598,2021/4/21,360.699,384.701,341.447,351.431,214484.792,214484.792,-0.023013046657159086,0,0.04753542660446253,0.01013065937821271
599,2021/4/20,344.602,371.357,309.05,360.449,256030.587,256030.587,0.025660798279036445,1,-0.023013046657159086,0.005539188167087709
600,2021/4/19,381.3,398.329,340.546,344.142,232671.519,232671.519,-0.04524079689498384,0,0.025660798279036445,-0.001993032591609145
601,2021/4/18,425.001,428.775,280.727,381.498,467760.757,467760.757,0.10854821556218064,1,-0.04524079689498384,0.0002701835146310024
602,2021/4/17,441.318,462.176,418.262,425.0,144154.816,144154.816,0.11402943134695342,1,0.10854821556218064,-0.01335822024052995
603,2021/4/16,466.076,470.073,418.529,440.784,281327.687,281327.687,0.03713882352941167,1,0.11402943134695342,-0.006562408181714999
604,2021/4/15,428.474,489.0,422.3,466.076,427683.291,427683.291,0.05737957820610551,1,0.03713882352941167,-0.002739375343905781
605,2021/4/14,398.953,431.1,386.888,428.517,285814.239,285814.239,-0.08058556973540798,0,0.05737957820610551,-0.00019589754949297377
606,2021/4/13,397.502,420.918,384.383,399.074,286982.217,286982.217,-0.06870905938387506,0,-0.08058556973540798,-0.007831010585740724
607,2021/4/12,372.231,418.05,365.0,397.564,394741.454,394741.454,-0.0037837594030180055,0,-0.06870905938387506,-0.005332427038902184
608,2021/4/11,367.331,375.0,360.283,372.026,80279.6,80279.6,-0.06423619844855166,0,-0.0037837594030180055,-0.005751747988433213
609,2021/4/10,358.999,375.626,356.087,367.295,125065.961,125065.961,-0.012716853123168836,0,-0.06423619844855166,-0.004225580801136375
610,2021/4/9,371.046,374.22,356.604,358.863,78595.935,78595.935,-0.02295702364584329,0,-0.012716853123168836,-0.00291457970743468
611,2021/4/8,348.672,371.566,346.4,371.027,122396.096,122396.096,0.03389594357735404,1,-0.02295702364584329,-0.005681444046427642
612,2021/4/7,383.293,387.129,340.207,349.203,184615.22,184615.22,-0.05882051710522418,0,0.03389594357735404,-0.005087657546806308
613,2021/4/6,398.399,415.129,379.303,382.99,177327.111,177327.111,0.09675460978284844,1,-0.05882051710522418,-0.005494118561758062
614,2021/4/5,403.499,408.171,383.364,398.085,107399.952,107399.952,0.03941356171179389,1,0.09675460978284844,-0.0028530639295802464
615,2021/4/4,379.598,411.664,372.0,403.4,110604.904,110604.904,0.013351419922880803,1,0.03941356171179389,-0.0035609301556988643
616,2021/4/3,420.0,425.5,376.314,379.622,137624.375,137624.375,-0.058943976202280535,0,0.013351419922880803,-0.0008746949259630969
617,2021/4/2,382.249,422.312,377.353,420.082,191826.844,191826.844,0.10657970296768893,1,-0.058943976202280535,-0.008055591729968297
618,2021/4/1,382.567,393.5,370.851,382.216,151457.542,151457.542,-0.09013954418423065,0,0.10657970296768893,-0.0021995374369450133
619,2021/3/31,377.305,395.0,357.401,382.567,196426.494,196426.494,0.0009183289030285646,1,-0.09013954418423065,-0.006728480141968725
620,2021/3/30,360.694,383.599,353.0,377.328,143158.504,143158.504,-0.013694333280183657,0,0.0009183289030285646,-0.00274983130380122
621,2021/3/29,348.036,367.819,344.39,360.827,122881.971,122881.971,-0.043731183479625124,0,-0.013694333280183657,-0.002774576753849434
622,2021/3/28,351.315,356.83,332.06,347.721,90141.867,90141.867,-0.03632211558447673,0,-0.043731183479625124,-0.00589682329872947
623,2021/3/27,358.682,361.975,339.408,351.319,77996.413,77996.413,0.010347376201034875,1,-0.03632211558447673,-0.005648033782338624
624,2021/3/26,325.634,360.586,325.236,358.428,119722.201,119722.201,0.02023517088458071,1,0.010347376201034875,-0.002652035847855901
625,2021/3/25,308.394,333.168,298.0,325.223,158041.746,158041.746,-0.09264064191413612,0,0.02023517088458071,0.002716171315078497
626,2021/3/24,330.299,348.802,296.225,308.019,120517.599,120517.599,-0.052899087702899306,0,-0.09264064191413612,0.002612015486662589
627,2021/3/23,336.195,345.337,325.924,330.489,100615.916,100615.916,0.07295004528941385,1,-0.052899087702899306,-0.0018881773088567865
628,2021/3/22,367.597,373.72,331.948,336.335,92905.149,92905.149,0.017688939722653396,1,0.07295004528941385,-0.0010410233526917426
629,2021/3/21,370.171,375.823,359.432,367.339,63351.065,63351.065,0.09218190197273568,1,0.017688939722653396,0.0003157095266353401
630,2021/3/20,368.826,396.2,367.375,370.171,95874.823,95874.823,0.007709499944193121,1,0.09218190197273568,0.002533079649758648
631,2021/3/19,362.991,380.0,353.339,368.861,100318.817,100318.817,-0.00353890499255749,0,0.007709499944193121,0.00429808954439788
632,2021/3/18,382.899,384.72,360.822,363.133,91231.72,91231.72,-0.015528884864488224,0,-0.00353890499255749,0.0005618521925732755
633,2021/3/17,370.674,384.319,358.0,382.9,118430.404,118430.404,0.05443460109656795,1,-0.015528884864488224,-0.003756758347808113
634,2021/3/16,367.592,377.999,350.194,370.666,119804.404,119804.404,-0.0319509010185427,0,0.05443460109656795,-0.0031802324289029035
635,2021/3/15,380.009,389.904,353.791,367.592,150620.018,150620.018,-0.008293180383417975,0,-0.0319509010185427,-0.00615791506972451
636,2021/3/14,413.948,418.427,376.866,380.669,169324.948,169324.948,0.03557476767720735,1,-0.008293180383417975,-0.0037481687579915103
637,2021/3/13,373.694,428.0,359.674,413.759,233935.375,233935.375,0.08692591201279853,1,0.03557476767720735,-0.0002720411892887631
638,2021/3/12,405.142,408.0,360.0,373.763,209409.999,209409.999,-0.09666496680434755,0,0.08692591201279853,0.0027516145245717882
639,2021/3/11,406.252,416.0,387.428,404.846,169000.497,169000.497,0.083162324788703,1,-0.09666496680434755,0.0016706555793785918
640,2021/3/10,444.059,459.0,399.042,406.848,235481.224,235481.224,0.004945090231841309,1,0.083162324788703,0.004866628176440986
641,2021/3/9,437.212,450.0,416.833,444.088,201434.136,201434.136,0.09153295579675946,1,0.004945090231841309,0.005796698639030473
642,2021/3/8,415.033,437.315,391.799,437.282,284970.59,284970.59,-0.015325791284610313,0,0.09153295579675946,0.00771793237967732
643,2021/3/7,387.935,419.96,384.012,414.89,289459.799,289459.799,-0.05120723011694972,0,-0.015325791284610313,0.009167756573697783
644,2021/3/6,366.658,391.181,351.664,387.934,99771.411,99771.411,-0.06497143821253815,0,-0.05120723011694972,0.004235695243704511
645,2021/3/5,374.251,377.275,339.99,367.005,153319.431,153319.431,-0.05394989869410782,0,-0.06497143821253815,0.0007561952462267763
646,2021/3/4,395.502,410.998,365.691,373.733,178117.315,178117.315,0.018332175310963095,1,-0.05394989869410782,-0.001487182041006178
647,2021/3/3,390.444,419.0,383.734,395.501,170228.244,170228.244,0.05824478972956615,1,0.018332175310963095,0.001088689676101943
648,2021/3/2,385.545,417.791,376.122,390.946,310310.832,310310.832,-0.011517037883595593,0,0.05824478972956615,-0.0005224740985021496
649,2021/3/1,353.791,389.255,350.134,385.952,292520.864,292520.864,-0.012774142720478054,0,-0.011517037883595593,0.002098276111519019
650,2021/2/28,332.808,365.98,300.14,354.155,256054.901,256054.901,-0.08238589254622342,0,-0.012774142720478054,0.0016418603907354648
651,2021/2/27,323.182,349.998,322.787,332.824,168185.168,168185.168,-0.06023068995213954,0,-0.08238589254622342,-0.0006478582514658604
652,2021/2/26,339.299,353.668,302.549,323.268,240591.262,240591.262,-0.02871187174001888,0,-0.06023068995213954,-0.0011978418005496741
653,2021/2/25,367.086,388.688,334.36,338.563,187331.603,187331.603,0.04731368400212821,1,-0.02871187174001888,-0.0009441670057344124
654,2021/2/24,364.031,406.0,341.527,367.503,318085.953,318085.953,0.08547892120521139,1,0.04731368400212821,0.00028804325430203205
655,2021/2/23,400.35,404.052,284.627,364.258,585503.053,585503.053,-0.00882985989230023,0,0.08547892120521139,0.002462834931656388
656,2021/2/22,436.986,448.611,347.907,400.0,395236.164,395236.164,0.09812275914324475,1,-0.00882985989230023,0.005256527665717585
657,2021/2/21,441.055,454.824,424.006,436.965,220938.515,220938.515,0.09241250000000001,1,0.09812275914324475,0.01029058922725572
658,2021/2/20,419.588,498.0,405.6,441.108,633739.333,633739.333,0.00948130857162477,1,0.09241250000000001,0.010939337717608593
659,2021/2/19,441.258,452.03,405.213,419.604,279827.887,279827.887,-0.04874996599472248,0,0.00948130857162477,0.010665750012574304
660,2021/2/18,451.835,480.0,434.411,441.503,216935.092,216935.092,0.052189683606447934,1,-0.04874996599472248,0.005968021080325699
661,2021/2/17,432.241,469.0,400.0,451.333,273023.564,273023.564,0.022264854372450626,1,0.052189683606447934,0.007450693869067526
662,2021/2/16,455.766,478.875,421.179,432.364,247618.869,247618.869,-0.04202883458555007,0,0.022264854372450626,0.008310819181234464
663,2021/2/15,468.43,497.0,380.0,455.666,350475.311,350475.311,0.0538944037893998,1,-0.04202883458555007,0.0074274875238657355
664,2021/2/14,494.387,509.298,460.28,468.525,137670.976,137670.976,0.028220231485342362,1,0.0538944037893998,0.0074094809469601305
665,2021/2/13,528.326,543.619,484.685,494.732,182381.464,182381.464,0.055935115522117496,1,0.028220231485342362,0.009415185363756299
666,2021/2/12,517.6,544.152,499.003,528.325,177878.285,177878.285,0.06790140924783516,1,0.055935115522117496,0.011556128560607481
667,2021/2/11,523.34,541.827,507.434,517.189,163767.731,163767.731,-0.021077934983201763,0,0.06790140924783516,0.012633683279628409
668,2021/2/10,488.28,581.667,488.0,523.497,428773.253,428773.253,0.012196701786000741,1,-0.021077934983201763,0.009033555046428398
669,2021/2/9,488.825,510.649,471.0,488.218,253535.259,253535.259,-0.06739102611858316,0,0.012196701786000741,0.012662277332773341
670,2021/2/8,473.125,531.01,462.191,489.294,387242.332,387242.332,0.0022039334887282713,1,-0.06739102611858316,0.00764383230253047
671,2021/2/7,473.889,482.13,392.5,472.907,352083.247,352083.247,-0.03349111168336416,0,0.0022039334887282713,0.007552460411093368
672,2021/2/6,505.634,510.123,432.438,473.936,428312.322,428312.322,0.0021759035074548905,1,-0.03349111168336416,0.0033849914950892473
673,2021/2/5,466.582,542.543,464.84,505.376,436865.872,436865.872,0.06633807096316802,1,0.0021759035074548905,0.003968381321491421
674,2021/2/4,384.217,520.182,384.217,466.582,1031523.191,1031523.191,-0.07676264800861143,0,0.06633807096316802,0.007886558024162013
675,2021/2/3,302.995,388.5,300.49,384.499,348001.699,348001.699,-0.1759240605081207,0,-0.07676264800861143,0.007493517697626236
676,2021/2/2,295.281,307.0,285.665,302.987,197749.284,197749.284,-0.2119953497928473,0,-0.1759240605081207,0.0034277123038258064
677,2021/2/1,299.975,307.366,283.607,294.954,202277.083,202277.083,-0.026512688663209993,0,-0.2119953497928473,-0.004249871866301206
678,2021/1/31,315.124,319.0,290.0,299.601,186022.768,186022.768,0.015754999084603094,1,-0.026512688663209993,-0.007075121146060411
679,2021/1/30,288.006,323.703,282.0,314.791,282329.498,282329.498,0.050700765351250565,1,0.015754999084603094,-0.006166053247120455
680,2021/1/29,297.554,308.373,271.274,287.8,359239.9,359239.9,-0.08574260382285381,0,0.050700765351250565,-0.004050222978062834
681,2021/1/28,286.208,308.899,275.0,297.209,364117.93,364117.93,0.03269284225156355,1,-0.08574260382285381,-0.004162113353950514
682,2021/1/27,277.653,298.576,255.0,286.0,526131.381,526131.381,-0.03771420111773194,0,0.03269284225156355,-0.0010646622804937444
683,2021/1/26,247.506,287.998,240.29,277.661,464004.531,464004.531,-0.0291573426573426,0,-0.03771420111773194,-0.001364739926417513
684,2021/1/25,264.526,283.0,238.0,247.647,502590.092,502590.092,-0.10809584349260437,0,-0.0291573426573426,-0.003913774148399873
685,2021/1/24,213.373,288.9,212.194,264.401,705578.744,705578.744,0.06765274766098517,1,-0.10809584349260437,-0.010366266304993732
686,2021/1/23,189.597,220.0,185.548,213.304,290322.734,290322.734,-0.19325569873033766,0,0.06765274766098517,-0.007816846053217552
687,2021/1/22,160.29,199.318,147.27,189.592,333628.877,333628.877,-0.11116528522671865,0,-0.19325569873033766,-0.0175294613156703
688,2021/1/21,196.787,199.285,155.21,160.321,455338.747,455338.747,-0.15438942571416525,0,-0.11116528522671865,-0.024315387489894254
689,2021/1/20,185.882,199.229,171.346,196.733,277923.436,277923.436,0.22711934182047266,1,-0.15438942571416525,-0.029777745299420587
690,2021/1/19,200.054,209.98,183.9,186.079,290743.124,290743.124,-0.05415461564658697,0,0.22711934182047266,-0.02058210170558075
691,2021/1/18,186.253,200.696,180.5,200.054,228058.112,228058.112,0.07510251022415204,1,-0.05415461564658697,-0.024126911680681914
692,2021/1/17,181.326,198.927,174.181,186.323,348083.533,348083.533,-0.06863646815359847,0,0.07510251022415204,-0.0223656564856252
693,2021/1/16,166.415,203.498,166.35,181.417,571037.751,571037.751,-0.026330619408232003,0,-0.06863646815359847,-0.023252577604560145
694,2021/1/15,147.695,169.599,139.5,166.513,355799.391,355799.391,-0.08215327119288707,0,-0.026330619408232003,-0.025926745044481208
695,2021/1/14,146.818,154.944,139.141,147.53,250449.03,250449.03,-0.11400311086822057,0,-0.08215327119288707,-0.029605861800422188
696,2021/1/13,127.661,147.928,119.838,146.811,426638.76,426638.76,-0.004873585033552508,0,-0.11400311086822057,-0.03527046934676679
697,2021/1/12,114.283,135.754,109.1,127.765,476089.841,476089.841,-0.12973142339470478,0,-0.004873585033552508,-0.037696302489479715
698,2021/1/11,126.9,127.287,94.02,114.212,571591.062,571591.062,-0.10607756427816695,0,-0.12973142339470478,-0.04131808543652982
699,2021/1/10,117.611,135.99,111.43,127.007,470126.599,470126.599,0.11202850838791023,1,-0.10607756427816695,-0.04526056097200207
700,2021/1/9,110.721,119.219,105.918,117.479,230440.996,230440.996,-0.07501948711488349,0,0.11202850838791023,-0.03927990982178563
701,2021/1/8,114.999,119.37,100.0,110.481,302116.471,302116.471,-0.0595680930208804,0,-0.07501948711488349,-0.041854023841906014
702,2021/1/7,115.309,129.0,107.89,114.823,409727.426,409727.426,0.03930087526361992,1,-0.0595680930208804,-0.042723256553156556
703,2021/1/6,119.686,120.5,107.752,115.191,303818.954,303818.954,0.0032049328096288576,1,0.03930087526361992,-0.04148575749461772
704,2021/1/5,114.231,123.962,98.41,119.689,517557.043,517557.043,0.03904818952869582,1,0.0032049328096288576,-0.04359019543306903
705,2021/1/4,93.789,115.522,86.01,114.271,658257.708,658257.708,-0.045267317798628026,0,0.03904818952869582,-0.03972983418182545
706,2021/1/3,85.754,95.0,81.291,93.778,290702.541,290702.541,-0.17933683961810076,0,-0.045267317798628026,-0.035374609424842364
707,2021/1/2,90.827,91.99,82.473,85.768,199756.529,199756.529,-0.08541448953912434,0,-0.17933683961810076,-0.03428599241901748
708,2021/1/1,88.35,90.832,84.645,90.711,193634.035,193634.035,0.05763221714392319,1,-0.08541448953912434,-0.03624938578154795
709,2020/12/31,81.0,88.587,78.25,88.48,199212.074,199212.074,-0.024594591615129335,0,0.05763221714392319,-0.03485347851290396
710,2020/12/30,78.122,86.0,77.134,81.0,219116.313,219116.313,-0.0845388788426763,0,-0.024594591615129335,-0.03736332374511662
711,2020/12/29,81.8,82.999,75.0,78.136,144129.278,144129.278,-0.03535802469135807,0,-0.0845388788426763,-0.0373231995791107
712,2020/12/28,76.762,85.987,76.007,81.833,211680.819,211680.819,0.04731493805672171,1,-0.03535802469135807,-0.03959156181054142
713,2020/12/27,75.066,82.052,72.649,76.751,239273.934,239273.934,-0.06210208595554356,0,0.04731493805672171,-0.03675725717139297
714,2020/12/26,79.77,79.95,73.778,75.055,145347.577,145347.577,-0.022097431955283908,0,-0.06210208595554356,-0.037855415281332995
715,2020/12/25,80.664,81.9,75.845,79.658,133486.946,133486.946,0.06132835920325097,1,-0.022097431955283908,-0.034988801563422316
716,2020/12/24,75.771,80.692,71.101,80.665,246810.94,246810.94,0.012641542594592048,1,0.06132835920325097,-0.03519961451201346
717,2020/12/23,84.321,84.498,63.021,75.718,290937.503,290937.503,-0.061327713382507976,0,0.012641542594592048,-0.0283363731345158
718,2020/12/22,80.846,86.85,75.66,84.33,196557.306,196557.306,0.11373781663541016,1,-0.061327713382507976,-0.026675120739708777
719,2020/12/21,85.574,87.791,77.465,80.757,216921.794,216921.794,-0.042369263607257124,0,0.11373781663541016,-0.01773754599472293
720,2020/12/20,88.931,90.014,83.738,85.629,303379.643,303379.643,0.06032913555481256,1,-0.042369263607257124,-0.02672049950898059
721,2020/12/19,90.371,96.329,88.0,88.983,358830.652,358830.652,0.03916897312826251,1,0.06032913555481256,-0.02290437446893394
722,2020/12/18,84.99,90.5,81.743,90.424,201038.938,201038.938,0.0161941044918692,1,0.03916897312826251,-0.024102159038796922
723,2020/12/17,87.488,90.0,82.8,85.034,352813.409,352813.409,-0.05960806865433954,0,0.0161941044918692,-0.021274473283948
724,2020/12/16,87.124,89.813,80.1,87.542,421722.347,421722.347,0.02949408471905346,1,-0.05960806865433954,-0.022383721592151583
725,2020/12/15,86.417,88.945,84.24,87.068,276144.376,276144.376,-0.005414543876082423,0,0.02949408471905346,-0.018662143061753567
726,2020/12/14,83.933,91.78,79.584,86.295,374587.776,374587.776,-0.008878118252400369,0,-0.005414543876082423,-0.015042524162015628
727,2020/12/13,77.771,85.0,76.595,83.929,257884.945,257884.945,-0.02741757923402277,0,-0.008878118252400369,-0.015176008602643891
728,2020/12/12,74.674,80.279,74.57,77.838,220629.477,220629.477,-0.07257324643448637,0,-0.02741757923402277,-0.011765547130621157
729,2020/12/11,76.532,80.053,70.564,74.646,361608.813,361608.813,-0.04100824789948343,0,-0.07257324643448637,-0.010648736535831805
730,2020/12/10,82.577,83.046,75.7,76.324,256332.506,256332.506,0.022479436272539788,1,-0.04100824789948343,-0.015749961745411593
731,2020/12/9,80.047,86.14,74.634,82.57,389196.455,389196.455,0.08183533357790473,1,0.022479436272539788,-0.012499997632497484
732,2020/12/8,90.75,91.257,77.732,80.068,453341.44,453341.44,-0.030301562310766528,0,0.08183533357790473,-0.007786550079204646
733,2020/12/7,87.905,95.0,86.635,90.688,305654.067,305654.067,0.13263725833041917,1,-0.030301562310766528,-0.010106631331684194
734,2020/12/6,92.714,92.99,84.6,87.838,213076.066,213076.066,-0.03142642907551174,0,0.13263725833041917,-0.005792220480991183
735,2020/12/5,80.803,92.888,79.332,92.714,299675.807,299675.807,0.0555112821330177,1,-0.03142642907551174,-0.00814137443446477
736,2020/12/4,91.538,94.0,79.2,80.679,360257.707,360257.707,-0.1298077960178613,0,0.0555112821330177,-0.004782087770076578
737,2020/12/3,86.654,94.875,82.961,91.558,402175.915,402175.915,0.13484301986886305,1,-0.1298077960178613,-0.003131119650068596
738,2020/12/2,74.355,90.89,71.601,86.647,570704.936,570704.936,-0.05363813102077375,0,0.13484301986886305,0.00421079733019765
739,2020/12/1,76.027,79.0,69.2,74.3,336342.681,336342.681,-0.14249772063660604,0,-0.05363813102077375,0.0005017857247077521
740,2020/11/30,68.954,79.939,68.936,76.0,474161.163,474161.163,0.02288021534320328,1,-0.14249772063660604,-0.003428318576008138
741,2020/11/29,63.924,69.8,61.805,68.886,209866.303,209866.303,-0.09360526315789475,0,0.02288021534320328,0.00015231789685451468
742,2020/11/28,60.804,66.426,58.776,63.944,177631.843,177631.843,-0.07174171820108577,0,-0.09360526315789475,-0.001789256718696708
743,2020/11/27,64.333,69.16,56.22,60.802,351791.304,351791.304,-0.04913674465157014,0,-0.07174171820108577,-0.00575781192729029
744,2020/11/26,61.658,65.22,50.0,64.211,665069.421,665069.421,0.05606723463043983,1,-0.04913674465157014,-0.00532563388382451
745,2020/11/25,66.783,67.588,59.091,61.724,233074.563,233074.563,-0.03873168148759565,0,0.05606723463043983,-0.0027201449976337186
746,2020/11/24,72.398,75.5,66.058,66.782,313765.237,313765.237,0.08194543451493752,1,-0.03873168148759565,-0.006055479687328605
747,2020/11/23,68.762,74.0,65.47,72.323,319425.103,319425.103,0.08297145937528083,1,0.08194543451493752,-0.003745349956650423
748,2020/11/22,70.488,74.918,62.929,68.811,361693.248,361693.248,-0.048559932524922744,0,0.08297145937528083,0.0010646224686092036
749,2020/11/21,74.968,77.199,67.678,70.487,380532.672,380532.672,0.024356570897094754,1,-0.048559932524922744,-0.004345302503401894
750,2020/11/20,76.381,82.48,74.36,74.945,348080.239,348080.239,0.06324570488175119,1,0.024356570897094754,-0.0021211080199234973
751,2020/11/19,75.187,81.445,70.27,76.28,447059.089,447059.089,0.017813062912802824,1,0.06324570488175119,-0.0020238890423588765
752,2020/11/18,79.262,79.999,67.02,75.15,434314.725,434314.725,-0.014813843733612941,0,0.017813062912802824,-0.0027357527162075327
753,2020/11/17,72.958,80.0,68.515,79.263,470703.668,470703.668,0.054730538922155736,1,-0.014813843733612941,-0.0037693509903902705
754,2020/11/16,64.251,74.5,60.903,72.975,451995.496,451995.496,-0.0793308353203892,0,0.054730538922155736,4.1935928826238494e-05
755,2020/11/15,66.855,71.414,58.766,64.256,492772.891,492772.891,-0.11947927372387801,0,-0.0793308353203892,-0.00358556140582185
756,2020/11/14,63.456,68.874,57.794,66.83,451967.266,451967.266,0.04005851593625498,1,-0.11947927372387801,-0.007387719067415036
757,2020/11/13,51.759,66.888,51.045,63.456,676038.281,676038.281,-0.05048630854406699,0,0.04005851593625498,-0.005756497927793191
758,2020/11/12,54.521,60.0,50.4,51.794,441454.103,441454.103,-0.18378088754412514,0,-0.05048630854406699,-0.0065254555714613326
759,2020/11/11,67.066,69.26,53.295,54.437,673820.577,673820.577,0.05102907672703405,1,-0.18378088754412514,-0.010232376941782624
760,2020/11/10,55.191,70.825,52.822,66.988,555485.003,555485.003,0.23056009699285407,1,0.05102907672703405,-0.007164466120898708
761,2020/11/9,53.95,59.094,49.45,55.113,563452.114,563452.114,-0.17727055592046337,0,0.23056009699285407,-0.0002284440968882325
762,2020/11/8,44.426,54.9,42.606,53.931,361623.58,361623.58,-0.02144684557182519,0,-0.17727055592046337,-0.008865307080167169
763,2020/11/7,38.555,51.9,38.341,44.529,489983.21,489983.21,-0.17433387105746223,0,-0.02144684557182519,-0.00857014985553579
764,2020/11/6,30.997,41.0,30.843,38.65,375996.381,375996.381,-0.13202631992634029,0,-0.17433387105746223,-0.01880252083513184
765,2020/11/5,27.752,33.0,25.939,30.995,222270.509,222270.509,-0.19805950840879682,0,-0.13202631992634029,-0.022155850530159456
766,2020/11/4,28.142,28.444,26.065,27.686,81620.589,81620.589,-0.1067591547023714,0,-0.19805950840879682,-0.03060821021488661
767,2020/11/3,29.723,30.075,27.424,28.122,84414.77,84414.77,0.015748031496062964,1,-0.1067591547023714,-0.029839922171036943
768,2020/11/2,30.703,34.485,29.13,29.724,179642.325,179642.325,0.05696607638148077,1,0.015748031496062964,-0.03380975511679695
769,2020/11/1,29.737,31.124,28.2,30.757,83150.52,83150.52,0.03475306149912538,1,0.05696607638148077,-0.030122948203388462
770,2020/10/31,31.087,32.938,29.515,29.7,113411.559,113411.559,-0.03436616054881825,0,0.03475306149912538,-0.02421458879886408
771,2020/10/30,29.178,32.0,27.73,31.087,180251.719,180251.719,0.046700336700336686,1,-0.03436616054881825,-0.026122801328598132
772,2020/10/29,32.427,33.23,28.124,29.244,175965.908,175965.908,-0.059285231768906654,0,0.046700336700336686,-0.02144594799999042
773,2020/10/28,34.935,35.67,32.0,32.422,144227.574,144227.574,0.10867186431404718,1,-0.059285231768906654,-0.02103073178558445
774,2020/10/27,35.968,39.001,34.373,34.869,178571.486,178571.486,0.07547344395780642,1,0.10867186431404718,-0.01577044482006387
775,2020/10/26,37.893,39.192,34.855,35.95,95472.309,95472.309,0.031001749404915735,1,0.07547344395780642,-0.015123571175818317
776,2020/10/25,39.438,41.0,37.2,37.895,74622.933,74622.933,0.054102920723226644,1,0.031001749404915735,-0.012799123479401271
777,2020/10/24,41.681,42.63,38.502,39.437,102431.608,102431.608,0.040691384087610416,1,0.054102920723226644,-0.0137272072724583
778,2020/10/23,37.911,42.658,36.998,41.681,190627.951,190627.951,0.056900879884372646,1,0.040691384087610416,-0.015136543115380648
779,2020/10/22,35.033,40.379,33.266,37.836,154369.978,154369.978,-0.09224826659629082,0,0.056900879884372646,-0.01162118270173747
780,2020/10/21,32.186,37.145,32.0,35.073,145648.768,145648.768,-0.07302568981921975,0,-0.09224826659629082,-0.015508010618183654
781,2020/10/20,36.0,36.403,32.0,32.16,202653.504,202653.504,-0.08305534171584994,0,-0.07302568981921975,-0.02005039044154935
782,2020/10/19,40.82,41.0,35.912,35.98,86475.936,86475.936,0.1187810945273633,1,-0.08305534171584994,-0.02341267059583778
783,2020/10/18,41.359,41.425,39.428,40.75,30917.953,30917.953,0.13257365202890514,1,0.1187810945273633,-0.01895950598713857
784,2020/10/17,39.371,43.235,38.206,41.365,41971.143,41971.143,0.015092024539877347,1,0.13257365202890514,-0.016364735550246923
785,2020/10/16,43.017,43.8,39.092,39.461,90836.412,90836.412,-0.04602925178290829,0,0.015092024539877347,-0.013217306888238039
786,2020/10/15,51.43,59.0,42.747,42.999,98648.87,98648.87,0.08965814348343937,1,-0.04602925178290829,-0.010768972823539048
